PlateVoltage,0,-4,-8,-12,-16,-20,-25,-30,-35,-40,-45,-50,-60
0.61,0.000001,0,0,0,0,0,0,0,0,0,0,0.000229,0
1.522,0.002987,0.000977,0.000568,0.00068,0,0,0.000824,0,0,0.001222,0.000731,0.001222,0.000272
1.522,0.002989,0.000978,0.00057,0.000682,0,0,0.000826,0,0,0.001224,0.000733,0.001223,0.000272
1.523,0.002991,0.00098,0.000571,0.000683,0,0,0.000828,0,0,0.001225,0.000735,0.001223,0.000272
1.825,0.00398,0.002001,0.001586,0.00167,0.000907,0.000822,0.001954,0,0,0.002122,0.001792,0.001554,0.000381
2.133,0.004988,0.00304,0.002619,0.002674,0.001915,0.001796,0.0031,0,0.000919,0.003033,0.00277,0.00189,0.000493
2.434,0.005973,0.004055,0.003629,0.003656,0.002901,0.002747,0.004214,0.002443,0.001861,0.003921,0.003599,0.002215,0.000601
2.734,0.006956,0.005069,0.004637,0.004637,0.003884,0.003696,0.005315,0.005692,0.0028,0.004802,0.004315,0.002536,0.00071
3.039,0.007953,0.006096,0.005658,0.00563,0.004881,0.004656,0.006415,0.007632,0.00375,0.005689,0.004951,0.002855,0.000819
3.342,0.008946,0.00712,0.006676,0.00662,0.005875,0.005613,0.007494,0.009094,0.004696,0.006564,0.005514,0.003167,0.000927
3.95,0.010935,0.009171,0.008715,0.008603,0.007865,0.00753,0.009609,0.011449,0.006589,0.008284,0.00649,0.003767,0.00114
4.243,0.011894,0.01016,0.009699,0.009559,0.008824,0.008455,0.010608,0.012438,0.007502,0.009093,0.006905,0.004044,0.00124
4.558,0.012926,0.011224,0.010757,0.010588,0.009857,0.009452,0.011669,0.01344,0.008484,0.009947,0.007322,0.004331,0.001346
4.856,0.013902,0.01223,0.011756,0.01156,0.010832,0.010395,0.01266,0.014348,0.009413,0.010734,0.007691,0.004592,0.001445
6.064,0.017855,0.016305,0.015809,0.015501,0.014787,0.014236,0.016585,0.017829,0.013191,0.013532,0.009021,0.005548,0.001821
6.368,0.018851,0.017332,0.01683,0.016494,0.015783,0.015211,0.017556,0.018682,0.014147,0.014093,0.009324,0.005761,0.001909
7.304,0.021914,0.020491,0.019882,0.019548,0.018848,0.018231,0.020518,0.021293,0.017109,0.015496,0.010193,0.006354,0.002164
7.582,0.022823,0.021428,0.020787,0.020454,0.019757,0.019135,0.021393,0.022071,0.017994,0.015837,0.010435,0.006511,0.002234
7.881,0.023804,0.022438,0.021764,0.021431,0.020909,0.020114,0.022337,0.022914,0.018954,0.016176,0.010688,0.006672,0.002308
8.489,0.025793,0.024748,0.023746,0.023415,0.023246,0.022117,0.024255,0.02465,0.02092,0.016787,0.011178,0.006972,0.002448
9.1,0.027792,0.027068,0.025737,0.025852,0.025595,0.024155,0.026188,0.026446,0.022929,0.017319,0.011641,0.007242,0.002578
9.416,0.028826,0.028268,0.026767,0.027112,0.026809,0.025219,0.027192,0.027405,0.023981,0.017568,0.011869,0.00737,0.00264
10.002,0.030744,0.030495,0.028678,0.029451,0.029063,0.027216,0.029067,0.029267,0.025909,0.017994,0.012272,0.00759,0.002749
11.217,0.034721,0.035111,0.03264,0.0343,0.033736,0.031463,0.033019,0.033644,0.029394,0.018767,0.013024,0.007978,0.002944
12.426,0.038679,0.039705,0.036583,0.039126,0.038387,0.035857,0.037096,0.038446,0.031905,0.019429,0.013655,0.008292,0.0031
12.472,0.038831,0.039882,0.036799,0.039311,0.038565,0.03603,0.037257,0.038625,0.031985,0.019452,0.013677,0.008303,0.003105
13.408,0.041895,0.043438,0.041133,0.043046,0.042165,0.039567,0.040606,0.04189,0.033388,0.019908,0.014075,0.008505,0.003201
13.635,0.042638,0.044301,0.042185,0.043953,0.043039,0.040445,0.04146,0.042572,0.033678,0.020012,0.014161,0.008549,0.003221
13.936,0.043623,0.045445,0.043578,0.045154,0.044196,0.041619,0.042628,0.04341,0.034037,0.020147,0.014267,0.008606,0.003246
14.259,0.044681,0.046673,0.045075,0.046444,0.045439,0.042895,0.043938,0.044235,0.034395,0.020287,0.014373,0.008664,0.003272
14.538,0.045592,0.04773,0.046363,0.047554,0.046509,0.044007,0.045122,0.044894,0.034681,0.020404,0.014458,0.008711,0.003292
14.542,0.045605,0.047745,0.046382,0.047572,0.046524,0.044023,0.045139,0.044903,0.034685,0.020406,0.014459,0.008712,0.003292
16.353,0.054111,0.054626,0.054768,0.055479,0.053489,0.051606,0.055101,0.048475,0.036201,0.021094,0.014878,0.008974,0.003393
16.652,0.05552,0.056143,0.056157,0.056788,0.054642,0.052928,0.057063,0.048983,0.036409,0.021195,0.014928,0.009011,0.003406
17.055,0.05741,0.058179,0.05802,0.058545,0.05619,0.054735,0.059362,0.049636,0.036672,0.021327,0.014989,0.009058,0.003421
17.869,0.061234,0.062299,0.061791,0.0621,0.059321,0.058528,0.062887,0.050872,0.037158,0.021573,0.015092,0.009145,0.003446
18.164,0.062622,0.063794,0.063159,0.06339,0.060458,0.059955,0.063908,0.051294,0.037321,0.021656,0.015123,0.009173,0.003453
18.17,0.062648,0.063821,0.063187,0.063414,0.060478,0.059982,0.063925,0.051302,0.037324,0.021658,0.015124,0.009174,0.003453
19.405,0.068448,0.07007,0.069488,0.068806,0.066677,0.066265,0.067383,0.052927,0.037937,0.021965,0.015229,0.009282,0.003476
19.468,0.068743,0.070387,0.069809,0.06908,0.066993,0.066599,0.067535,0.053004,0.037965,0.021979,0.015234,0.009287,0.003477
19.675,0.069718,0.071437,0.070867,0.069986,0.068034,0.067711,0.068027,0.053253,0.038058,0.022024,0.015248,0.009303,0.00348
19.679,0.069736,0.071457,0.070887,0.070006,0.068054,0.067733,0.068036,0.053258,0.038059,0.022025,0.015248,0.009303,0.00348
21.186,0.076813,0.07908,0.078575,0.077767,0.075617,0.076308,0.071234,0.0548,0.038661,0.022289,0.015334,0.009408,0.00349
22.086,0.081604,0.083638,0.083172,0.082407,0.080139,0.08191,0.07294,0.055473,0.038968,0.022401,0.015376,0.00946,0.003489
22.09,0.081623,0.083655,0.083189,0.082425,0.080156,0.081932,0.072946,0.055475,0.038969,0.022401,0.015376,0.009461,0.003489
22.835,0.085584,0.087328,0.08699,0.086261,0.083895,0.086873,0.07427,0.055917,0.039198,0.022471,0.015408,0.009499,0.003486
23.898,0.091239,0.092571,0.092415,0.091738,0.089233,0.09336,0.07604,0.056431,0.039488,0.022541,0.015453,0.009549,0.003477
24.198,0.092835,0.09405,0.094032,0.093283,0.090738,0.094853,0.076515,0.05656,0.039562,0.022556,0.015465,0.009562,0.003474
24.503,0.094456,0.095553,0.095675,0.094854,0.092269,0.096247,0.076985,0.056687,0.039635,0.022569,0.015477,0.009574,0.003471
24.885,0.096488,0.097437,0.097734,0.097045,0.094187,0.097833,0.077556,0.05684,0.039721,0.022584,0.015493,0.009589,0.003466
25.755,0.101117,0.101728,0.102423,0.102036,0.098555,0.100874,0.078773,0.057171,0.039902,0.022609,0.015528,0.009621,0.003453
26.443,0.104778,0.105122,0.106133,0.105985,0.102011,0.102838,0.079636,0.057419,0.040029,0.022626,0.015554,0.009643,0.003442
26.62,0.105721,0.105996,0.107088,0.107002,0.1029,0.103292,0.07984,0.057481,0.040059,0.022629,0.015561,0.009649,0.003438
27.818,0.112089,0.1119,0.113541,0.113869,0.110358,0.105922,0.081014,0.057883,0.040244,0.022655,0.015606,0.009683,0.003416
27.822,0.11211,0.11192,0.113562,0.113887,0.110382,0.105929,0.081017,0.057884,0.040245,0.022655,0.015606,0.009683,0.003416
28.421,0.115301,0.115616,0.116795,0.116611,0.114119,0.107008,0.08147,0.058076,0.040324,0.02267,0.015628,0.009699,0.003403
28.745,0.117023,0.117611,0.118522,0.11808,0.116135,0.107536,0.081683,0.058176,0.040364,0.022678,0.01564,0.009707,0.003396
30.234,0.124944,0.126787,0.126467,0.124841,0.12541,0.109585,0.082478,0.058615,0.040521,0.022728,0.015692,0.009741,0.003363
30.442,0.126047,0.128065,0.127572,0.125993,0.126701,0.109832,0.082574,0.058672,0.040539,0.022737,0.015699,0.009745,0.003358
30.534,0.12654,0.128636,0.128067,0.126509,0.127279,0.109941,0.082617,0.058698,0.040547,0.022741,0.015702,0.009747,0.003356
30.536,0.126548,0.128645,0.128075,0.126517,0.127281,0.109942,0.082617,0.058699,0.040548,0.022741,0.015702,0.009747,0.003356
31.234,0.130409,0.132948,0.1318,0.130399,0.12858,0.110716,0.082929,0.058887,0.040605,0.022773,0.015725,0.009761,0.003339
32.646,0.138218,0.141649,0.139333,0.13825,0.131208,0.112092,0.083543,0.059241,0.0407,0.02285,0.015769,0.009786,0.003305
33.242,0.14151,0.145318,0.14251,0.140799,0.132315,0.112612,0.083797,0.059379,0.040734,0.022886,0.015787,0.009796,0.00329
34.454,0.148213,0.152181,0.148976,0.145989,0.13457,0.113588,0.084301,0.059638,0.040791,0.022965,0.015822,0.009814,0.00326
34.749,0.149849,0.153855,0.150763,0.147255,0.135121,0.113811,0.084421,0.059696,0.040803,0.022985,0.01583,0.009818,0.003253
35.244,0.152586,0.156658,0.153752,0.149375,0.136041,0.114173,0.084621,0.059789,0.040822,0.023019,0.015843,0.009825,0.00324
35.956,0.156519,0.160684,0.158047,0.15242,0.137364,0.11467,0.084902,0.059913,0.040847,0.02307,0.015861,0.009835,0.003223
36.305,0.158452,0.162663,0.160158,0.153916,0.138015,0.114906,0.085039,0.059969,0.040858,0.023095,0.015869,0.00984,0.003214
36.575,0.159946,0.164194,0.161791,0.155074,0.138397,0.115085,0.085143,0.060011,0.040866,0.023115,0.015875,0.009843,0.003207
37.461,0.164846,0.16921,0.167141,0.157401,0.139651,0.11565,0.085479,0.060137,0.04089,0.023181,0.015895,0.009854,0.003185
38.179,0.168814,0.172766,0.171475,0.159287,0.140666,0.116088,0.085743,0.060226,0.040907,0.023235,0.01591,0.009863,0.003168
38.369,0.169865,0.173709,0.172623,0.159786,0.140935,0.116201,0.085812,0.060249,0.040912,0.02325,0.015914,0.009865,0.003163
39.602,0.176682,0.179818,0.177781,0.163025,0.142679,0.116911,0.086247,0.060376,0.040939,0.023345,0.015936,0.009879,0.003133
39.882,0.178232,0.181208,0.178954,0.163761,0.143075,0.117067,0.086343,0.060401,0.040944,0.023367,0.015941,0.009882,0.003126
40.678,0.182661,0.185152,0.182283,0.165852,0.144201,0.117499,0.086608,0.060467,0.040961,0.023429,0.015952,0.00989,0.003107
41.124,0.185146,0.187365,0.184151,0.167025,0.144833,0.117735,0.086752,0.0605,0.04097,0.023464,0.015958,0.009894,0.003096
42.689,0.193856,0.195122,0.190699,0.170405,0.147047,0.118527,0.087234,0.060598,0.041004,0.023587,0.015975,0.009908,0.003059
43.206,0.196732,0.197683,0.192861,0.171522,0.147367,0.118778,0.087386,0.060626,0.041016,0.023627,0.015979,0.009913,0.003047
44.102,0.201717,0.202123,0.196594,0.173457,0.147922,0.119201,0.087639,0.060669,0.041039,0.023697,0.015985,0.00992,0.003026
44.429,0.203537,0.203955,0.197956,0.174163,0.148125,0.119352,0.087729,0.060684,0.041048,0.023722,0.015987,0.009922,0.003018
45.02,0.206827,0.207268,0.20042,0.17544,0.148491,0.11962,0.087887,0.060709,0.041065,0.023768,0.01599,0.009926,0.003005
45.981,0.212176,0.212653,0.202867,0.177516,0.149087,0.120044,0.088136,0.060748,0.041094,0.023841,0.015993,0.009933,0.002983
47.133,0.218585,0.219106,0.2058,0.179013,0.149801,0.120535,0.088419,0.060793,0.041134,0.023927,0.015995,0.00994,0.002956
48.122,0.224092,0.224649,0.208319,0.180299,0.150414,0.120942,0.088649,0.060831,0.04117,0.023999,0.015996,0.009945,0.002934
48.23,0.224693,0.225255,0.208594,0.180439,0.150481,0.120986,0.088674,0.060835,0.041174,0.024006,0.015996,0.009945,0.002932
48.322,0.225206,0.225771,0.208829,0.180559,0.150538,0.121023,0.088695,0.060838,0.041178,0.024013,0.015996,0.009946,0.00293
48.66,0.227084,0.227132,0.209689,0.180998,0.150747,0.121159,0.08877,0.060851,0.04119,0.024037,0.015995,0.009947,0.002922
50.132,0.235279,0.233068,0.212054,0.182912,0.15166,0.121731,0.089086,0.060909,0.041249,0.024139,0.015993,0.009953,0.00289
52.367,0.244458,0.242077,0.215643,0.185817,0.153045,0.122521,0.089525,0.061001,0.041344,0.024286,0.015987,0.009959,0.002843
52.562,0.245261,0.242865,0.215957,0.185943,0.153166,0.122584,0.089561,0.061009,0.041352,0.024298,0.015987,0.00996,0.002839
52.858,0.246477,0.244059,0.216433,0.186135,0.15335,0.122679,0.089615,0.061022,0.041365,0.024317,0.015986,0.00996,0.002833
53.347,0.248484,0.244974,0.217217,0.186451,0.153652,0.122831,0.089703,0.061043,0.041386,0.024347,0.015984,0.009961,0.002823
54.13,0.2517,0.246442,0.218475,0.186959,0.153895,0.123064,0.089841,0.061078,0.041421,0.024395,0.015982,0.009962,0.002807
56.37,0.260903,0.250642,0.22108,0.18841,0.15459,0.123665,0.090211,0.061184,0.041519,0.024525,0.015977,0.009961,0.002763
56.456,0.261257,0.250803,0.22118,0.188466,0.154616,0.123686,0.090224,0.061188,0.041523,0.02453,0.015977,0.009961,0.002761
57.414,0.265192,0.252599,0.222294,0.189087,0.154913,0.123919,0.090373,0.061236,0.041564,0.024582,0.015976,0.009959,0.002743
59.808,0.275024,0.25655,0.225077,0.190637,0.155656,0.124459,0.090725,0.061367,0.041663,0.024705,0.015976,0.009952,0.002699
61.806,0.280412,0.259849,0.2274,0.191932,0.156275,0.124875,0.091002,0.061487,0.041738,0.024799,0.015978,0.009943,0.002665
62.884,0.28332,0.261629,0.228653,0.192318,0.156609,0.12509,0.091146,0.061556,0.041774,0.024846,0.01598,0.009936,0.002647
62.95,0.2835,0.261715,0.228731,0.192341,0.15663,0.125103,0.091154,0.06156,0.041776,0.024849,0.01598,0.009936,0.002646
62.985,0.283593,0.261759,0.228747,0.192354,0.156641,0.12511,0.091159,0.061562,0.041777,0.02485,0.015981,0.009935,0.002646
64.854,0.288635,0.264178,0.229597,0.193023,0.15722,0.125468,0.091401,0.061691,0.041828,0.024925,0.015985,0.009921,0.002617
64.962,0.288926,0.264318,0.229646,0.193062,0.157254,0.125488,0.091415,0.061698,0.041831,0.024929,0.015986,0.00992,0.002615
65.229,0.289583,0.264663,0.229767,0.193157,0.157337,0.125538,0.091449,0.061717,0.041837,0.024939,0.015987,0.009917,0.002611
65.973,0.291409,0.265625,0.230105,0.193423,0.157487,0.125675,0.091543,0.061772,0.041852,0.024966,0.015989,0.00991,0.002601
66.138,0.291816,0.265839,0.23018,0.193483,0.15752,0.125705,0.091564,0.061784,0.041855,0.024972,0.015989,0.009909,0.002598
66.153,0.291852,0.265858,0.230187,0.193488,0.157524,0.125708,0.091566,0.061785,0.041855,0.024972,0.015989,0.009908,0.002598
67.632,0.295486,0.267771,0.23086,0.194017,0.157823,0.125974,0.09175,0.061897,0.041876,0.025021,0.015995,0.009892,0.002578
68.357,0.297267,0.268709,0.231189,0.194277,0.157969,0.126102,0.09184,0.061954,0.041884,0.025042,0.015997,0.009884,0.002568
68.646,0.297978,0.2689,0.231321,0.19438,0.158028,0.126153,0.091876,0.061977,0.041886,0.025051,0.015999,0.00988,0.002565
70.423,0.302343,0.270071,0.232128,0.195016,0.158387,0.12646,0.092094,0.062121,0.041898,0.025097,0.016006,0.009856,0.002543
72.773,0.305811,0.27162,0.233197,0.195857,0.158863,0.126856,0.092383,0.06232,0.041908,0.025152,0.016016,0.009821,0.002516
73.443,0.3068,0.272061,0.233501,0.196042,0.158999,0.126968,0.092466,0.062378,0.041911,0.025166,0.016019,0.009811,0.002509
76.962,0.311993,0.274381,0.235101,0.197014,0.159711,0.127552,0.092906,0.062693,0.04195,0.025244,0.016033,0.009752,0.002472
80.231,0.316818,0.276536,0.236016,0.197916,0.160372,0.128095,0.093325,0.062998,0.042034,0.025329,0.016044,0.009696,0.002439
80.97,0.317907,0.276816,0.236223,0.19812,0.160521,0.128218,0.09342,0.063068,0.042061,0.025352,0.016046,0.009684,0.002432
81.67,0.318941,0.277083,0.236419,0.198313,0.160663,0.128336,0.093511,0.063135,0.04209,0.025374,0.016048,0.009672,0.002425
81.822,0.319059,0.277141,0.236462,0.198355,0.160694,0.128362,0.093531,0.06315,0.042096,0.025379,0.016049,0.00967,0.002423
82.232,0.319377,0.277296,0.236576,0.198468,0.160777,0.128431,0.093585,0.063189,0.042114,0.025393,0.01605,0.009663,0.002419
83.515,0.320373,0.277784,0.236935,0.198822,0.161036,0.12865,0.093753,0.063315,0.042177,0.02544,0.016053,0.009642,0.002405
84.352,0.321023,0.278102,0.23717,0.199054,0.161182,0.128795,0.093863,0.063398,0.042223,0.025472,0.016054,0.009629,0.002396
84.799,0.32137,0.278272,0.237295,0.199154,0.16126,0.128873,0.093923,0.063444,0.042248,0.025491,0.016055,0.009623,0.002391
86.229,0.32248,0.278816,0.237695,0.199477,0.161508,0.129125,0.094112,0.063594,0.042335,0.025553,0.016057,0.009602,0.002375
90.211,0.325571,0.28033,0.23881,0.200375,0.1622,0.129842,0.094644,0.064055,0.042611,0.025758,0.016059,0.009551,0.002324
90.802,0.32603,0.280554,0.238975,0.200509,0.162303,0.129948,0.094723,0.06413,0.042655,0.025792,0.016059,0.009545,0.002316
91.199,0.326251,0.280705,0.239086,0.200598,0.162372,0.13002,0.094777,0.064182,0.042685,0.025815,0.016059,0.009541,0.00231
91.892,0.326637,0.280885,0.23928,0.200755,0.162492,0.130146,0.09487,0.064274,0.042739,0.025856,0.016059,0.009534,0.0023
97.456,0.329732,0.282325,0.240577,0.20201,0.163459,0.131122,0.095619,0.065106,0.043202,0.026222,0.016058,0.0095,0.002203
97.847,0.32995,0.282427,0.240668,0.202075,0.163527,0.131188,0.095672,0.06517,0.043236,0.026251,0.016058,0.009499,0.002195
98.166,0.330128,0.282509,0.240743,0.202129,0.163583,0.131241,0.095715,0.065223,0.043264,0.026274,0.016058,0.009498,0.002189
98.648,0.330396,0.282634,0.240855,0.20221,0.163666,0.13132,0.09578,0.065305,0.043307,0.026309,0.016059,0.009497,0.002179
98.72,0.330435,0.282653,0.240872,0.202222,0.163679,0.131332,0.09579,0.065317,0.043314,0.026314,0.016059,0.009497,0.002177
100.343,0.330946,0.283073,0.24125,0.202496,0.163961,0.131591,0.096009,0.065598,0.04346,0.026437,0.01606,0.009496,0.002142
104.789,0.332345,0.284224,0.242286,0.203244,0.164733,0.132246,0.09661,0.066408,0.043875,0.026802,0.016067,0.009509,0.002035
107.349,0.33315,0.284887,0.242883,0.203675,0.165178,0.132594,0.096955,0.066887,0.044122,0.027031,0.016076,0.009525,0.001971
107.73,0.33327,0.284969,0.242972,0.20374,0.165244,0.132645,0.097006,0.066959,0.04416,0.027067,0.016078,0.009528,0.001961
107.739,0.333272,0.28497,0.242974,0.203741,0.165246,0.132646,0.097007,0.066961,0.04416,0.027068,0.016078,0.009528,0.001961
109.115,0.333705,0.285265,0.243181,0.203973,0.165485,0.132826,0.097192,0.06722,0.044297,0.027199,0.016085,0.00954,0.001926
110.31,0.334081,0.28552,0.243361,0.204174,0.165653,0.132979,0.097352,0.067444,0.044418,0.027318,0.016093,0.009552,0.001896
111.212,0.334365,0.285712,0.243497,0.204326,0.165779,0.133093,0.097473,0.067613,0.04451,0.02741,0.016099,0.009561,0.001873
113.077,0.334858,0.286111,0.243777,0.20464,0.166041,0.133327,0.097723,0.06796,0.044706,0.027608,0.016115,0.009584,0.001827
113.609,0.334999,0.286225,0.243858,0.20473,0.166116,0.133393,0.097794,0.068058,0.044763,0.027667,0.016121,0.00959,0.001815
117.106,0.335924,0.286972,0.244384,0.205214,0.166606,0.133825,0.098261,0.068692,0.045153,0.028069,0.016166,0.009641,0.001735
123.334,0.33757,0.288303,0.245321,0.206077,0.16748,0.134594,0.099091,0.069751,0.045913,0.028847,0.016298,0.009757,0.00162
123.5,0.337614,0.288338,0.245346,0.2061,0.167503,0.134615,0.099114,0.069778,0.045935,0.028869,0.016302,0.00976,0.001618
124.197,0.337798,0.288476,0.245451,0.206196,0.167601,0.134701,0.099207,0.069888,0.046025,0.028959,0.016322,0.009775,0.001608
124.906,0.337986,0.288617,0.245549,0.206295,0.1677,0.134788,0.099302,0.069999,0.046117,0.029052,0.016343,0.009791,0.001598
126.793,0.338485,0.288991,0.24581,0.206556,0.167965,0.13502,0.099555,0.070286,0.046368,0.029298,0.016404,0.009834,0.001576
127.934,0.338786,0.289217,0.245967,0.206714,0.168122,0.13516,0.099708,0.070454,0.046522,0.029446,0.016445,0.009862,0.001565
128.885,0.339038,0.289406,0.246099,0.206843,0.168253,0.135276,0.099837,0.070591,0.046651,0.029569,0.016481,0.009886,0.001558
129.98,0.339188,0.289623,0.24625,0.206992,0.168403,0.13541,0.099984,0.070746,0.046801,0.029709,0.016524,0.009914,0.001551
130.732,0.339291,0.289772,0.246354,0.207094,0.168507,0.135501,0.100086,0.070851,0.046905,0.029805,0.016556,0.009934,0.001547
132.619,0.33955,0.290146,0.246615,0.20735,0.168767,0.13573,0.100342,0.071108,0.047167,0.030039,0.016638,0.009987,0.001542
132.893,0.339587,0.2902,0.246653,0.207387,0.168804,0.135763,0.100379,0.071145,0.047205,0.030072,0.016651,0.009995,0.001541
135.395,0.33993,0.290696,0.246999,0.207726,0.169148,0.136063,0.10072,0.071474,0.047556,0.03037,0.016771,0.01007,0.001545
135.65,0.339965,0.290747,0.247034,0.207761,0.169184,0.136094,0.100755,0.071507,0.047592,0.030399,0.016783,0.010078,0.001546
138.433,0.340347,0.291299,0.247418,0.208139,0.169566,0.136424,0.101135,0.07186,0.047984,0.03071,0.016928,0.010169,0.001561
140.351,0.34061,0.29162,0.247684,0.208399,0.16983,0.136649,0.101396,0.072099,0.048255,0.030913,0.017033,0.010235,0.001577
144.393,0.341164,0.292297,0.248155,0.208947,0.170386,0.137124,0.101947,0.072594,0.048825,0.031306,0.017266,0.010386,0.001624
148.434,0.341718,0.292973,0.248626,0.209419,0.170942,0.1376,0.102494,0.073089,0.049388,0.031658,0.017512,0.010549,0.001685
149.546,0.34187,0.293159,0.248756,0.209548,0.171072,0.137732,0.102644,0.073227,0.049541,0.031747,0.017582,0.010596,0.001704
149.899,0.341919,0.293218,0.248797,0.20959,0.171113,0.137774,0.102691,0.073271,0.04959,0.031775,0.017604,0.010611,0.00171
150.24,0.341966,0.293276,0.248837,0.209629,0.171153,0.137815,0.102737,0.073313,0.049637,0.031802,0.017625,0.010626,0.001716
151.925,0.342197,0.293558,0.249034,0.209826,0.171349,0.138016,0.102962,0.073525,0.049866,0.03193,0.017733,0.010699,0.001747
154.292,0.342521,0.293954,0.24931,0.210102,0.171626,0.138302,0.103276,0.073825,0.050184,0.032101,0.017887,0.010805,0.001791
154.842,0.342596,0.294046,0.249374,0.210166,0.17169,0.138369,0.103348,0.073895,0.050256,0.03214,0.017923,0.010831,0.001802
157.634,0.342979,0.294513,0.2497,0.210492,0.172015,0.138712,0.10371,0.074254,0.05062,0.032332,0.018108,0.01096,0.001857
157.84,0.343007,0.294548,0.249724,0.210516,0.172039,0.138737,0.103737,0.07428,0.050646,0.032346,0.018121,0.01097,0.001861
159.554,0.343198,0.294837,0.249924,0.210716,0.172239,0.138949,0.103954,0.0745,0.050863,0.032461,0.018237,0.011051,0.001896
163.596,0.343649,0.295517,0.250555,0.211187,0.172711,0.13945,0.104449,0.075017,0.051353,0.032731,0.018512,0.011246,0.001978
171.318,0.34451,0.296818,0.251761,0.212117,0.173611,0.140391,0.105312,0.075973,0.052199,0.033259,0.019048,0.011627,0.002123
171.337,0.344512,0.296821,0.251764,0.212119,0.173614,0.140393,0.105314,0.075975,0.052201,0.033261,0.019049,0.011628,0.002123
172.652,0.344658,0.297042,0.251969,0.212278,0.173767,0.140549,0.105449,0.076132,0.052333,0.033355,0.019141,0.011693,0.002145
173.787,0.344785,0.297233,0.252147,0.212414,0.1739,0.140682,0.105564,0.076265,0.052443,0.033438,0.019221,0.011749,0.002163
174.037,0.344813,0.297261,0.252186,0.212444,0.173929,0.140711,0.105589,0.076294,0.052467,0.033456,0.019239,0.011761,0.002167
174.714,0.344888,0.297338,0.252292,0.212526,0.173988,0.140789,0.105656,0.076373,0.052531,0.033507,0.019286,0.011795,0.002177
175.198,0.344942,0.297392,0.252367,0.212584,0.17403,0.140845,0.105704,0.076428,0.052576,0.033543,0.01932,0.011818,0.002185
175.402,0.344965,0.297415,0.252399,0.212609,0.174048,0.140868,0.105723,0.076452,0.052595,0.033559,0.019335,0.011828,0.002188
175.455,0.344971,0.297421,0.252403,0.212615,0.174052,0.140874,0.105729,0.076458,0.052599,0.033563,0.019338,0.011831,0.002188
175.542,0.34498,0.29743,0.252411,0.212625,0.17406,0.140884,0.105737,0.076468,0.052608,0.033569,0.019345,0.011835,0.00219
180.448,0.345527,0.297982,0.252831,0.213216,0.174489,0.141427,0.1062,0.077013,0.053036,0.033954,0.019691,0.012075,0.002254
182.189,0.345721,0.298177,0.252981,0.213426,0.174641,0.141613,0.10636,0.077199,0.053179,0.034094,0.019814,0.01216,0.002274
184.664,0.345997,0.298455,0.253193,0.213675,0.174857,0.14187,0.106582,0.077459,0.053375,0.034296,0.019988,0.012279,0.002299
190.034,0.346648,0.299059,0.253653,0.214215,0.175326,0.142409,0.107058,0.078002,0.053779,0.034731,0.020362,0.012536,0.002346
193.918,0.347119,0.299495,0.254056,0.214606,0.175665,0.142785,0.107399,0.078379,0.054059,0.035036,0.020624,0.012718,0.002373
197.342,0.347535,0.29988,0.25441,0.21495,0.175964,0.143111,0.107703,0.078703,0.054301,0.035293,0.020848,0.012877,0.002395
198.172,0.347635,0.299973,0.254496,0.215034,0.176036,0.143189,0.107777,0.07878,0.054359,0.035353,0.020901,0.012915,0.0024
199.563,0.347804,0.300142,0.254641,0.215174,0.176158,0.143318,0.107902,0.078909,0.054456,0.035452,0.020989,0.012978,0.002408
205.072,0.348472,0.30081,0.255211,0.215716,0.176639,0.143813,0.108401,0.079406,0.054842,0.035814,0.021321,0.013224,0.002437
205.415,0.348514,0.300852,0.255247,0.21575,0.176669,0.143843,0.108432,0.079436,0.054866,0.035835,0.021341,0.013239,0.002439
205.631,0.34854,0.300878,0.25527,0.215771,0.176688,0.143861,0.108452,0.079455,0.054881,0.035848,0.021353,0.013249,0.00244
207.219,0.348733,0.301071,0.255434,0.215927,0.176827,0.143997,0.108597,0.079595,0.054993,0.035942,0.021443,0.013318,0.002448
208.482,0.348839,0.301224,0.255565,0.216051,0.176937,0.144103,0.108712,0.079705,0.055082,0.036013,0.021512,0.013373,0.002455
209.446,0.348919,0.301341,0.255665,0.216146,0.177032,0.144182,0.1088,0.079788,0.055151,0.036066,0.021564,0.013414,0.00246
209.729,0.348943,0.301375,0.255694,0.216174,0.17706,0.144205,0.108826,0.079813,0.055171,0.036081,0.021579,0.013426,0.002461
212.456,0.349172,0.301706,0.255977,0.216442,0.177329,0.14442,0.109075,0.080045,0.055365,0.036224,0.021718,0.013542,0.002476
214.036,0.349304,0.301897,0.25614,0.216598,0.177485,0.14454,0.109218,0.080177,0.055477,0.036302,0.021795,0.013608,0.002485
214.114,0.349311,0.301907,0.256149,0.216605,0.177493,0.144546,0.109225,0.080184,0.055483,0.036306,0.021799,0.013611,0.002485
214.804,0.349369,0.30199,0.256221,0.216673,0.177561,0.144597,0.109287,0.080241,0.055532,0.036339,0.021831,0.01364,0.002489
220.727,0.349865,0.302709,0.256843,0.217214,0.178145,0.145014,0.109816,0.080718,0.055955,0.036611,0.022091,0.01388,0.002523
222.338,0.35,0.302858,0.257012,0.217361,0.178304,0.145124,0.109957,0.080843,0.056069,0.036681,0.022157,0.013944,0.002533
231.264,0.350749,0.303684,0.257948,0.218175,0.179185,0.145764,0.110719,0.081501,0.056696,0.037062,0.022498,0.014287,0.002592
234.765,0.351043,0.304007,0.258315,0.218501,0.17953,0.146053,0.111015,0.081742,0.056937,0.037214,0.022628,0.014418,0.002618
237.384,0.351262,0.30425,0.25859,0.218744,0.179789,0.146292,0.111237,0.081916,0.057114,0.037333,0.022727,0.014514,0.002638
237.89,0.351305,0.304297,0.258643,0.218791,0.179838,0.146341,0.11128,0.081949,0.057147,0.037356,0.022746,0.014533,0.002642
238.248,0.351335,0.30433,0.258681,0.218824,0.179874,0.146375,0.111311,0.081972,0.057171,0.037373,0.02276,0.014546,0.002645
238.339,0.351342,0.304338,0.25869,0.218833,0.179883,0.146384,0.111318,0.081978,0.057177,0.037377,0.022764,0.014549,0.002646
240.14,0.351493,0.304505,0.258877,0.219,0.18006,0.146564,0.111473,0.082093,0.057296,0.037464,0.022834,0.014615,0.002661
241.403,0.351598,0.304622,0.259008,0.219118,0.180185,0.146694,0.111581,0.082172,0.057378,0.037526,0.022885,0.014661,0.002672
242.369,0.351679,0.304711,0.259108,0.219207,0.180272,0.146795,0.111665,0.082232,0.057441,0.037575,0.022925,0.014696,0.00268
244.465,0.351853,0.304888,0.259326,0.219402,0.18046,0.147018,0.111849,0.082361,0.057575,0.037683,0.023015,0.014771,0.002699
247.42,0.352099,0.305137,0.259632,0.219677,0.180724,0.147335,0.112111,0.082539,0.05776,0.03784,0.023151,0.014876,0.002726
248.553,0.352193,0.305233,0.25975,0.219772,0.180826,0.147457,0.112214,0.082607,0.05783,0.037901,0.023206,0.014916,0.002737
250.579,0.352362,0.305404,0.25996,0.219941,0.181008,0.147672,0.1124,0.082727,0.057953,0.038012,0.023308,0.014988,0.002758
254.273,0.352669,0.305716,0.260344,0.220251,0.181339,0.14805,0.112743,0.082945,0.058174,0.038216,0.023502,0.015118,0.002797
256.092,0.35282,0.30587,0.260532,0.220403,0.181502,0.148227,0.112914,0.083052,0.058282,0.038316,0.0236,0.015181,0.002817
259.531,0.353106,0.30616,0.260889,0.220691,0.18181,0.148546,0.113234,0.083256,0.058482,0.038503,0.023785,0.015298,0.002858
265.405,0.353595,0.306656,0.261295,0.221183,0.182337,0.149038,0.113761,0.08361,0.05882,0.038805,0.024087,0.015491,0.002931
266.146,0.353657,0.306718,0.261346,0.221237,0.182403,0.149096,0.113825,0.083656,0.058862,0.038841,0.024122,0.015514,0.00294
266.649,0.353699,0.306756,0.261381,0.221273,0.182448,0.149134,0.113868,0.083687,0.058891,0.038866,0.024146,0.01553,0.002947
267.604,0.353778,0.306826,0.261447,0.221342,0.182534,0.149206,0.113948,0.083747,0.058945,0.038911,0.02419,0.01556,0.002959
270.073,0.353983,0.307009,0.261617,0.221521,0.182755,0.149382,0.114148,0.083903,0.059086,0.039024,0.024296,0.015635,0.002991
270.318,0.354004,0.307027,0.261634,0.221539,0.182777,0.149399,0.114167,0.083918,0.0591,0.039035,0.024306,0.015643,0.002995
274.463,0.354363,0.307334,0.26192,0.22184,0.183149,0.149663,0.11447,0.08419,0.059336,0.039213,0.02446,0.015763,0.003049
274.933,0.354403,0.307369,0.261953,0.221874,0.183191,0.14969,0.114502,0.084221,0.059362,0.039232,0.024476,0.015776,0.003055
275.439,0.354447,0.307406,0.261988,0.221911,0.183222,0.149719,0.114535,0.084256,0.059391,0.039253,0.024493,0.01579,0.003062
277.135,0.354594,0.307532,0.262105,0.222034,0.183325,0.149811,0.114642,0.084372,0.059487,0.039322,0.024548,0.015836,0.003084
282.78,0.355083,0.30795,0.262495,0.222444,0.183669,0.150072,0.114953,0.084771,0.059806,0.039545,0.024714,0.01598,0.003156
285.138,0.355287,0.308124,0.262658,0.222603,0.183813,0.150166,0.115067,0.084941,0.059939,0.039635,0.024778,0.016036,0.003185
286.569,0.355411,0.30823,0.26277,0.2227,0.1839,0.150222,0.115134,0.085045,0.060019,0.03969,0.024816,0.016068,0.003203
296.9,0.356305,0.309061,0.263582,0.223399,0.184529,0.150656,0.115598,0.085787,0.060594,0.040095,0.025092,0.016272,0.003319
297.717,0.356376,0.309127,0.263646,0.223455,0.184579,0.150698,0.115636,0.085844,0.060639,0.040128,0.025116,0.016286,0.003327
298.352,0.356431,0.309178,0.263696,0.223496,0.184618,0.150732,0.115667,0.085888,0.060674,0.040155,0.025135,0.016297,0.003333
299.276,0.356511,0.309252,0.263768,0.223556,0.184674,0.150783,0.115712,0.085951,0.060724,0.040193,0.025163,0.016312,0.003342
299.614,0.356536,0.309279,0.263795,0.223578,0.184695,0.150802,0.115728,0.085974,0.060743,0.040207,0.025173,0.016317,0.003346
299.93,0.35656,0.309305,0.26382,0.223599,0.184714,0.15082,0.115744,0.085995,0.06076,0.040221,0.025183,0.016322,0.003349
300.07,0.35657,0.309316,0.263831,0.223608,0.184725,0.150829,0.115751,0.086005,0.060767,0.040227,0.025188,0.016324,0.00335
300.272,0.356585,0.309332,0.263847,0.223621,0.184741,0.150841,0.115761,0.086018,0.060778,0.040235,0.025194,0.016328,0.003352
300.304,0.356588,0.309335,0.263849,0.223623,0.184744,0.150843,0.115763,0.08602,0.06078,0.040237,0.025195,0.016328,0.003352
304.342,0.356888,0.30966,0.264166,0.223886,0.185065,0.151108,0.115975,0.086283,0.060989,0.040413,0.025327,0.016388,0.00339
310.054,0.357313,0.310119,0.264572,0.224258,0.185519,0.151533,0.116299,0.08662,0.061234,0.040672,0.025522,0.016462,0.003436
311.565,0.357425,0.310241,0.264679,0.224357,0.185639,0.151649,0.116388,0.0867,0.061289,0.04074,0.025574,0.016479,0.003447
313.238,0.35755,0.310364,0.264798,0.224466,0.185772,0.151777,0.116488,0.086785,0.061346,0.040816,0.02563,0.016498,0.003459
313.264,0.357552,0.310366,0.2648,0.224467,0.185774,0.151779,0.11649,0.086786,0.061347,0.040817,0.025631,0.016499,0.003459
316.339,0.35778,0.310592,0.265018,0.224673,0.186018,0.152009,0.116676,0.086927,0.061449,0.040955,0.025731,0.016532,0.00348
321.289,0.358149,0.310955,0.265369,0.225004,0.186412,0.152351,0.11698,0.087119,0.061609,0.041165,0.025883,0.01658,0.00351
325.231,0.358442,0.311245,0.265649,0.225268,0.186725,0.152589,0.117223,0.087247,0.061737,0.04132,0.025995,0.016616,0.003532
325.605,0.35847,0.311273,0.265675,0.225293,0.186747,0.15261,0.117246,0.087258,0.061749,0.041334,0.026005,0.01662,0.003534
325.68,0.358475,0.311278,0.265681,0.225298,0.186751,0.152614,0.117251,0.08726,0.061752,0.041337,0.026007,0.01662,0.003534
329.76,0.358779,0.311578,0.265972,0.225571,0.186989,0.152821,0.117501,0.087372,0.061887,0.04148,0.026116,0.016655,0.003556
330.249,0.358817,0.311614,0.266007,0.225604,0.187017,0.152843,0.11753,0.087385,0.061903,0.041496,0.026128,0.016659,0.003558
330.404,0.358828,0.311625,0.266018,0.225614,0.187026,0.152851,0.11754,0.087389,0.061909,0.041501,0.026132,0.01666,0.003559
332.164,0.358965,0.311755,0.266144,0.225732,0.187129,0.152929,0.117646,0.087432,0.061968,0.041556,0.026177,0.016675,0.003568
339,0.359494,0.312257,0.266633,0.226026,0.187527,0.153206,0.118056,0.087586,0.062205,0.041742,0.026343,0.016728,0.003602
350.15,0.360357,0.313123,0.267431,0.226507,0.188176,0.153636,0.118726,0.087836,0.062622,0.041997,0.026586,0.016813,0.003658
350.372,0.360374,0.31314,0.267447,0.226523,0.188189,0.153645,0.118739,0.087842,0.062631,0.042002,0.02659,0.016814,0.003659
350.736,0.360402,0.313169,0.267465,0.226551,0.18821,0.15366,0.118762,0.087851,0.062645,0.04201,0.026598,0.016817,0.003661
351.447,0.360457,0.313224,0.267502,0.226604,0.188251,0.15369,0.118806,0.087868,0.062674,0.042025,0.026612,0.016823,0.003665
353.531,0.360618,0.313386,0.26761,0.226761,0.188347,0.153781,0.118935,0.087922,0.062758,0.04207,0.026652,0.016838,0.003676
356.043,0.360813,0.313581,0.26774,0.226949,0.188462,0.1539,0.119095,0.08799,0.062862,0.042125,0.026698,0.016858,0.00369
356.09,0.360816,0.313585,0.267743,0.226953,0.188464,0.153903,0.119098,0.087991,0.062864,0.042126,0.026699,0.016858,0.003691
359.023,0.361043,0.313812,0.267895,0.227173,0.188599,0.154057,0.119294,0.088075,0.062988,0.042193,0.02675,0.016881,0.003709
359.209,0.361054,0.313827,0.267904,0.227187,0.188607,0.154068,0.119307,0.08808,0.062996,0.042197,0.026753,0.016883,0.00371
363.939,0.361333,0.314194,0.268149,0.227542,0.188824,0.154351,0.119644,0.088221,0.063201,0.042314,0.026828,0.016921,0.003742
364.911,0.36139,0.31427,0.268199,0.227615,0.188869,0.154413,0.119709,0.088251,0.063244,0.042339,0.026842,0.016929,0.00375
366.916,0.361508,0.314357,0.268303,0.227766,0.188961,0.154543,0.11983,0.088314,0.063331,0.042394,0.026872,0.016946,0.003766
371.917,0.361803,0.314574,0.268562,0.22796,0.18919,0.154877,0.120068,0.088474,0.063546,0.042543,0.026945,0.01699,0.003812
374.078,0.361931,0.314668,0.268674,0.228044,0.189289,0.155018,0.120153,0.088545,0.063637,0.04261,0.026977,0.017009,0.003836
375.064,0.361989,0.314711,0.268725,0.228082,0.189335,0.155081,0.120189,0.088577,0.063678,0.042641,0.026992,0.017018,0.003848
379.493,0.36225,0.314903,0.269077,0.228254,0.189538,0.155342,0.120339,0.088725,0.063858,0.042781,0.027062,0.017061,0.003911
381.087,0.362344,0.314972,0.269204,0.228315,0.189603,0.155426,0.120389,0.088778,0.06392,0.042832,0.027088,0.017076,0.003937
388.17,0.362762,0.31528,0.269767,0.22859,0.189893,0.155722,0.120596,0.089018,0.064182,0.043049,0.027211,0.017148,0.004078
388.689,0.362792,0.315302,0.269808,0.22861,0.189915,0.15574,0.12061,0.089036,0.0642,0.043065,0.027221,0.017154,0.00409
389.203,0.362822,0.315337,0.269849,0.22863,0.189936,0.155757,0.120624,0.089053,0.064218,0.04308,0.02723,0.017159,0.004101
391.408,0.362954,0.315486,0.270024,0.228716,0.190026,0.155828,0.120684,0.089128,0.064292,0.043144,0.027272,0.017183,0.004151
399.912,0.36346,0.316062,0.2707,0.229045,0.190374,0.156056,0.120905,0.089416,0.064554,0.043376,0.02744,0.017277,0.004317
400.365,0.363487,0.316093,0.270736,0.229063,0.190393,0.156068,0.120917,0.089432,0.064567,0.043388,0.027449,0.017282,0.004324
400.428,0.363491,0.316097,0.270739,0.229065,0.190395,0.156069,0.120918,0.089434,0.064569,0.043389,0.02745,0.017283,0.004325
400.784,0.363512,0.316121,0.270754,0.229079,0.19041,0.156078,0.120927,0.089446,0.064579,0.043398,0.027458,0.017287,0.00433
404.796,0.363751,0.316393,0.27092,0.229235,0.190574,0.156178,0.121028,0.089581,0.064686,0.043499,0.02754,0.017333,0.004377
406.39,0.363846,0.316501,0.270986,0.229296,0.190659,0.156218,0.121067,0.089635,0.064727,0.043538,0.027573,0.017352,0.004391
407.156,0.363891,0.316553,0.271018,0.229326,0.190699,0.156239,0.121086,0.08966,0.064746,0.043557,0.027589,0.017362,0.004396
409.442,0.364027,0.316707,0.271112,0.229463,0.190821,0.156301,0.121141,0.089737,0.064802,0.043611,0.027637,0.017389,0.004409
418.563,0.36457,0.317325,0.27149,0.23001,0.191304,0.156574,0.121358,0.090039,0.065009,0.043819,0.027832,0.017503,0.004426
423.345,0.364855,0.317637,0.271688,0.230297,0.191558,0.156731,0.12147,0.090194,0.065109,0.043922,0.027935,0.017565,0.004421
425.363,0.364951,0.317769,0.271772,0.230418,0.191665,0.1568,0.121516,0.09026,0.065151,0.043965,0.027978,0.017592,0.004417
428.879,0.365117,0.317998,0.27195,0.230628,0.191851,0.156922,0.121596,0.090372,0.065221,0.044039,0.028055,0.017639,0.004408
431.389,0.365236,0.318162,0.272077,0.230779,0.191941,0.15701,0.121653,0.090452,0.065271,0.04409,0.028109,0.017674,0.004401
445.694,0.365913,0.319097,0.272801,0.231636,0.192452,0.157541,0.121969,0.090893,0.065545,0.04437,0.028419,0.017884,0.00435
446.915,0.365971,0.319164,0.272862,0.23171,0.192496,0.157589,0.121995,0.09093,0.065568,0.044393,0.028446,0.017903,0.004346
449.529,0.366095,0.319308,0.272995,0.231866,0.19259,0.157694,0.122051,0.091007,0.065619,0.044441,0.028502,0.017945,0.004336
450.476,0.36614,0.31936,0.273042,0.23191,0.192623,0.157733,0.122071,0.091035,0.065637,0.044459,0.028523,0.017961,0.004333
450.665,0.366148,0.31937,0.273052,0.231919,0.19263,0.157741,0.122075,0.09104,0.06564,0.044462,0.028527,0.017964,0.004332
456.344,0.366401,0.319683,0.273293,0.23218,0.192833,0.157981,0.122194,0.091202,0.065751,0.044565,0.028649,0.018061,0.004314
457.911,0.366471,0.319769,0.273359,0.232252,0.192889,0.15805,0.122227,0.091246,0.065782,0.044593,0.028682,0.018088,0.00431
458.145,0.366481,0.319782,0.273369,0.232263,0.192897,0.15806,0.122232,0.091252,0.065787,0.044597,0.028687,0.018092,0.00431
464.625,0.366769,0.320138,0.273644,0.232561,0.193186,0.158354,0.122363,0.091426,0.06592,0.044709,0.028824,0.018208,0.0043
466.33,0.366845,0.320232,0.273716,0.23264,0.193262,0.158432,0.122396,0.09147,0.065957,0.044738,0.02886,0.018237,0.004301
467.592,0.366902,0.320302,0.27377,0.232698,0.193318,0.158489,0.122421,0.091502,0.065984,0.044759,0.028886,0.018259,0.004302
468.862,0.366958,0.320372,0.273824,0.232756,0.193374,0.158547,0.122446,0.091533,0.066012,0.044781,0.028912,0.01828,0.004304
469.631,0.366992,0.320411,0.273856,0.232792,0.193409,0.158582,0.122461,0.091552,0.06603,0.044793,0.028928,0.018292,0.004306
472.007,0.367098,0.320532,0.273957,0.232901,0.193514,0.158689,0.122506,0.091609,0.066084,0.044833,0.028977,0.018328,0.004315
473.645,0.367171,0.320615,0.274026,0.232977,0.193587,0.158761,0.122537,0.091647,0.066122,0.044859,0.02901,0.01835,0.004324
475.053,0.367274,0.320687,0.274086,0.233041,0.19365,0.158823,0.122562,0.091678,0.066155,0.044882,0.029039,0.018367,0.004333
481.314,0.367733,0.321005,0.274346,0.23333,0.193929,0.159083,0.122672,0.091811,0.066308,0.044982,0.029163,0.018415,0.004398
482.369,0.36781,0.321059,0.274389,0.233378,0.193983,0.159124,0.12269,0.091832,0.066335,0.044999,0.029184,0.018419,0.004413
483.063,0.367861,0.321094,0.274418,0.23341,0.194019,0.159151,0.122701,0.091845,0.066353,0.04501,0.029197,0.018421,0.004423
488.396,0.368252,0.321365,0.274639,0.233583,0.194295,0.159343,0.122783,0.091944,0.066493,0.045093,0.029298,0.018423,0.004508
488.982,0.368295,0.321395,0.274663,0.233602,0.194326,0.159362,0.122792,0.091954,0.066509,0.045102,0.029309,0.018422,0.004518
495.722,0.368789,0.321917,0.274943,0.23382,0.194675,0.159565,0.122881,0.092065,0.066694,0.045204,0.02943,0.018401,0.00462
497.727,0.368935,0.322072,0.275026,0.233885,0.194779,0.159619,0.122904,0.092096,0.06675,0.045234,0.029464,0.018393,0.004645
500.051,0.369106,0.322252,0.275122,0.233961,0.194899,0.159679,0.12293,0.09213,0.066816,0.045269,0.029503,0.018382,0.004673
506.006,0.369542,0.322713,0.275449,0.234154,0.195207,0.159821,0.122993,0.092217,0.066987,0.045358,0.029597,0.018353,0.004736
507.451,0.369648,0.322825,0.275528,0.234201,0.195255,0.159854,0.123009,0.092239,0.067029,0.045379,0.029619,0.018346,0.00475
508.491,0.369724,0.322905,0.275585,0.234239,0.195289,0.159877,0.123021,0.092254,0.067059,0.045395,0.029634,0.018341,0.00476
514.384,0.370156,0.323282,0.275908,0.234458,0.195482,0.160004,0.123097,0.092346,0.067227,0.045482,0.029715,0.018314,0.004811
516.937,0.370343,0.323445,0.276048,0.234553,0.195566,0.160059,0.123134,0.09239,0.067299,0.045519,0.029747,0.018304,0.004832
517.495,0.370384,0.323481,0.276079,0.234574,0.195584,0.160071,0.123143,0.0924,0.067314,0.045527,0.029754,0.018302,0.004836
518.647,0.370468,0.323554,0.276142,0.234617,0.195622,0.160096,0.12316,0.092421,0.067346,0.045544,0.029768,0.018298,0.004845
519.452,0.370527,0.323606,0.27617,0.234647,0.195648,0.160113,0.123173,0.092436,0.067368,0.045556,0.029777,0.018296,0.004851
521.321,0.370664,0.323725,0.276235,0.234716,0.19571,0.160154,0.123203,0.092473,0.067419,0.045584,0.029798,0.018291,0.004864
522.306,0.370736,0.323788,0.276269,0.234753,0.195742,0.160176,0.12322,0.092493,0.067445,0.045598,0.029808,0.018288,0.004871
524.343,0.370886,0.323918,0.27634,0.234829,0.195809,0.160221,0.123254,0.092535,0.067499,0.045628,0.029829,0.018284,0.004885
528.486,0.371189,0.324183,0.276485,0.234983,0.195944,0.160317,0.123326,0.092626,0.067606,0.04569,0.029868,0.018279,0.004912
530.09,0.371307,0.324286,0.276541,0.235041,0.195997,0.160356,0.123354,0.092661,0.067647,0.045714,0.029882,0.018278,0.004922
538.709,0.371938,0.324837,0.276841,0.235352,0.196412,0.160573,0.123511,0.092856,0.067858,0.045844,0.029946,0.018278,0.004968
541.206,0.372121,0.324996,0.276928,0.235442,0.196532,0.16064,0.123557,0.092911,0.067918,0.045883,0.029962,0.01828,0.004979
543.504,0.37229,0.325143,0.277008,0.235525,0.196642,0.160703,0.1236,0.09296,0.067972,0.045919,0.029976,0.018281,0.004989
551.429,0.37287,0.32565,0.277284,0.235811,0.197024,0.160931,0.123747,0.093115,0.068155,0.046048,0.030019,0.018284,0.005015
552.417,0.372943,0.325713,0.277319,0.235847,0.197071,0.160961,0.123766,0.093132,0.068177,0.046065,0.030025,0.018283,0.005018
557.448,0.373311,0.326035,0.277494,0.236028,0.19731,0.161116,0.123858,0.093214,0.068292,0.046152,0.030051,0.018281,0.005029
558.652,0.373399,0.326112,0.277536,0.236072,0.197367,0.161154,0.12388,0.093231,0.068319,0.046173,0.030057,0.01828,0.005031
561.447,0.373604,0.32629,0.277633,0.236173,0.197499,0.161243,0.12393,0.093269,0.068382,0.046223,0.030072,0.018276,0.005036
562.248,0.373663,0.326342,0.277661,0.236202,0.197537,0.161269,0.123944,0.093279,0.0684,0.046238,0.030076,0.018274,0.005037
568.271,0.374104,0.326727,0.277871,0.236419,0.197823,0.161466,0.124048,0.093347,0.068536,0.046351,0.030111,0.018257,0.005046
573.074,0.374456,0.327034,0.278038,0.236592,0.198051,0.161627,0.124128,0.093392,0.068644,0.046445,0.030142,0.018236,0.005053
574.685,0.374574,0.327137,0.278094,0.23665,0.198128,0.161681,0.124154,0.093405,0.06868,0.046478,0.030153,0.018227,0.005056
575.244,0.374615,0.327172,0.278114,0.236671,0.198154,0.1617,0.124163,0.09341,0.068692,0.046489,0.030157,0.018224,0.005057
584.427,0.375288,0.327759,0.278434,0.237002,0.19859,0.162013,0.124303,0.093475,0.068899,0.046678,0.030231,0.018168,0.005075
588.32,0.375573,0.328008,0.27857,0.237143,0.198775,0.162146,0.124359,0.093497,0.068986,0.046759,0.030267,0.018143,0.005084
600.357,0.376455,0.328778,0.278989,0.237577,0.199346,0.162553,0.124525,0.093556,0.069255,0.047007,0.030389,0.018075,0.005116
610.965,0.377232,0.329456,0.279359,0.23796,0.19985,0.162897,0.12467,0.0936,0.069493,0.047223,0.03051,0.018059,0.005144
612.158,0.37732,0.329532,0.2794,0.238003,0.199907,0.162935,0.124687,0.093605,0.069519,0.047247,0.030524,0.018062,0.005147
612.31,0.377331,0.329542,0.279405,0.238008,0.199914,0.162939,0.124689,0.093606,0.069523,0.04725,0.030526,0.018063,0.005148
622.419,0.378072,0.330188,0.279758,0.238373,0.200394,0.163241,0.124839,0.093647,0.069749,0.047454,0.030648,0.018153,0.005173
629.172,0.378566,0.33062,0.279993,0.238617,0.200714,0.163424,0.124946,0.093677,0.0699,0.04759,0.030732,0.018276,0.00519
633.474,0.378882,0.330895,0.280143,0.238772,0.200919,0.163531,0.125018,0.093698,0.069996,0.047676,0.030786,0.01838,0.0052
642.035,0.379509,0.331442,0.280441,0.239081,0.201325,0.163714,0.125169,0.093748,0.070188,0.047849,0.030893,0.018623,0.00522
645.721,0.379779,0.331678,0.28057,0.239214,0.2015,0.163779,0.125236,0.093773,0.07027,0.047923,0.030938,0.018731,0.005229
