PlateVoltage,0V,-0.5V,-1.0V,-1.5V,-2.0V,-2.5V,-3.0V,-3.5V,-4.0V,-5.0V
0.008,-0.0002518,-0.0002457,-0.00085,-0.0002575,-0.000556,-0.0006022,-0.000311,-5.02e-05,-4.8e-05,-1.33e-05
0.691,0.0002397,0.0002325,-0.0002586,-6.9e-06,-0.0001753,-0.000208,-0.0001432,3.74e-05,4.3e-06,1.4e-06
1.374,0.0007312,0.0007108,0.0003328,0.0002437,0.0002055,0.0001862,2.47e-05,0.0001249,5.67e-05,1.61e-05
2.057,0.0011476,0.0011555,0.0009241,0.0004943,0.0005862,0.0005805,0.0001925,0.0002124,0.000109,3.08e-05
2.74,0.0014697,0.0015574,0.0015188,0.001169,0.0009306,0.0009747,0.0003603,0.0002999,0.0001613,4.55e-05
3.424,0.0017919,0.0019592,0.0021337,0.0020989,0.0012706,0.0012321,0.0005281,0.0003875,0.0002136,6.02e-05
4.107,0.003084,0.0031878,0.002696,0.002835,0.0016105,0.0013999,0.0006959,0.000475,0.000266,7.49e-05
4.79,0.0034859,0.0034595,0.0032075,0.0030496,0.001853,0.0015677,0.0008637,0.0005625,0.0003183,8.96e-05
5.473,0.0038877,0.0037312,0.0036909,0.0032643,0.0020795,0.0017355,0.0010315,0.00065,0.0003706,0.0001039
6.156,0.0043988,0.004033,0.0041689,0.003479,0.0023061,0.0019033,0.0011809,0.0007376,0.000423,0.0001143
6.839,0.0049785,0.0045378,0.0046109,0.0036927,0.0025014,0.0020375,0.001327,0.0008251,0.0004753,0.0001247
7.522,0.0053174,0.0050376,0.0049757,0.0038995,0.0026274,0.0021543,0.0014732,0.0008789,0.0005276,0.0001351
8.205,0.0056485,0.0054181,0.0052123,0.0041063,0.0027535,0.0022711,0.0016006,0.0009302,0.0005706,0.0001455
8.889,0.0059795,0.0057987,0.0053623,0.0042624,0.0028795,0.002388,0.0016676,0.0009815,0.0006027,0.0001559
9.572,0.0063667,0.0062185,0.0055123,0.0043568,0.0030055,0.0024872,0.0017346,0.0010328,0.0006349,0.0001663
10.255,0.0067579,0.0066833,0.0056623,0.0044512,0.0031279,0.0025732,0.0018016,0.0010841,0.000667,0.0001767
10.938,0.0071452,0.0070814,0.0058124,0.0045457,0.0032428,0.0026591,0.0018686,0.0011354,0.0006992,0.0001794
11.621,0.0075257,0.0073608,0.0059624,0.0046401,0.0033577,0.002745,0.0019356,0.0011867,0.0007313,0.0001777
12.304,0.0079063,0.0076401,0.0061078,0.0047346,0.0034725,0.002831,0.0020026,0.0012256,0.0007635,0.000176
12.987,0.0081913,0.0079194,0.0062516,0.0048301,0.0035874,0.0029169,0.0020696,0.0012541,0.0007956,0.0001744
13.67,0.0084512,0.0081588,0.0063953,0.0049444,0.0037023,0.0030028,0.0021366,0.0012826,0.0008161,0.0001727
14.354,0.0087112,0.0083914,0.0065391,0.0050587,0.0038049,0.0030831,0.0021727,0.0013112,0.0008281,0.000171
15.037,0.0089711,0.0086239,0.0066828,0.005173,0.0038895,0.0031457,0.0022074,0.0013397,0.0008401,0.0001693
15.72,0.0092899,0.0088564,0.0068538,0.0052873,0.0039741,0.0032083,0.0022422,0.0013682,0.0008521,0.0001676
16.403,0.0096209,0.0090496,0.0070863,0.0054016,0.0040586,0.0032709,0.002277,0.0013967,0.0008642,0.000166
17.086,0.009952,0.0091885,0.0073189,0.0055159,0.0041432,0.0033335,0.0023117,0.0014253,0.0008762,0.0001643
17.769,0.0102001,0.0093159,0.0075514,0.0056373,0.0042278,0.0033961,0.0023465,0.0014538,0.0008882,0.0001626
18.452,0.0104267,0.0094359,0.0077839,0.0057829,0.0043293,0.0034587,0.0023813,0.0014823,0.0009003,0.0001609
19.135,0.0106533,0.0095558,0.0079195,0.0059285,0.0044511,0.0035129,0.0024161,0.0015108,0.0009123,0.0001593
19.819,0.0108798,0.0096963,0.0080413,0.0060741,0.004573,0.003565,0.0024508,0.0015286,0.0009243,0.0001596
20.502,0.0111135,0.0098393,0.0081632,0.0062197,0.0046948,0.0036171,0.0024856,0.0015447,0.0009364,0.0001599
21.185,0.01136,0.0099824,0.0082851,0.0063653,0.0048167,0.0036692,0.0025157,0.0015609,0.0009455,0.0001602
21.868,0.0116066,0.010102,0.0084069,0.0064868,0.0048943,0.0037213,0.0025443,0.0015771,0.0009542,0.0001605
22.551,0.0118531,0.0102125,0.0085288,0.0065649,0.0049674,0.0037734,0.002573,0.0015932,0.0009629,0.0001608
23.234,0.012092,0.0103231,0.0086476,0.0066429,0.0050406,0.0038255,0.0026016,0.0016094,0.0009716,0.0001611
23.917,0.0123186,0.0104523,0.0087207,0.0067209,0.0051138,0.0038776,0.0026302,0.0016255,0.0009804,0.0001614
24.6,0.0125452,0.0105818,0.0087939,0.006799,0.0051869,0.0039297,0.0026589,0.0016417,0.0009891,0.0001618
25.283,0.0127717,0.0107036,0.0088671,0.006877,0.0052601,0.0039807,0.0026875,0.0016579,0.0009978,0.0001621
25.967,0.0129983,0.0108047,0.0089402,0.0069551,0.0053323,0.0040216,0.0027162,0.001674,0.0010065,0.0001624
26.65,0.0131877,0.0109058,0.0090134,0.0070331,0.0053586,0.0040626,0.0027448,0.0016902,0.0010152,0.0001627
27.333,0.0133749,0.0110045,0.0090866,0.0071112,0.005385,0.0041036,0.0027731,0.0017063,0.0010239,0.000163
28.016,0.0135621,0.0111009,0.0091597,0.007154,0.0054113,0.0041446,0.0027863,0.0017225,0.0010327,0.0001633
28.699,0.0137493,0.0111974,0.0092329,0.007177,0.0054376,0.0041856,0.0027996,0.0017387,0.0010414,0.000165
29.382,0.0139365,0.0112938,0.0092818,0.0072001,0.005464,0.0042134,0.0028128,0.0017548,0.0010501,0.0001667
30.065,0.0141173,0.0113903,0.0093246,0.0072231,0.0054903,0.0042306,0.002826,0.0017706,0.0010588,0.0001685
30.748,0.0142934,0.0114856,0.0093674,0.0072462,0.0055166,0.0042477,0.0028393,0.0017788,0.0010675,0.0001703
31.432,0.0144695,0.0115601,0.0094101,0.0072692,0.005543,0.0042649,0.0028525,0.001787,0.0010735,0.000172
32.115,0.0146171,0.0116346,0.0094529,0.0072923,0.0055693,0.004282,0.0028657,0.0017951,0.0010794,0.0001738
32.798,0.0147276,0.0117091,0.0094957,0.0073154,0.0055956,0.0042992,0.002879,0.0018033,0.0010853,0.0001755
33.481,0.0148381,0.0117836,0.0095384,0.0073384,0.005622,0.0043164,0.0028922,0.0018115,0.0010911,0.0001773
34.164,0.0149487,0.011858,0.0095812,0.0073615,0.0056483,0.0043326,0.0029054,0.0018197,0.001097,0.0001791
34.847,0.0150439,0.0119325,0.009624,0.0073845,0.005666,0.0043417,0.0029187,0.0018279,0.0011029,0.0001808
35.53,0.0151089,0.0119924,0.0096668,0.0074076,0.0056746,0.0043507,0.002929,0.0018361,0.0011087,0.0001826
36.213,0.015174,0.0120435,0.009705,0.0074306,0.0056832,0.0043598,0.0029347,0.0018443,0.0011146,0.0001843
36.897,0.0152391,0.0120945,0.0097197,0.0074537,0.0056918,0.0043688,0.0029404,0.0018525,0.0011205,0.0001861
37.58,0.0153042,0.0121456,0.0097344,0.0074767,0.0057003,0.0043778,0.0029461,0.0018607,0.0011264,0.0001879
38.263,0.0153692,0.0121966,0.0097491,0.0074998,0.0057089,0.0043869,0.0029518,0.0018689,0.0011322,0.0001896
38.946,0.0154343,0.0122477,0.0097638,0.0075228,0.0057175,0.0043959,0.0029575,0.001877,0.0011381,0.0001914
39.629,0.0154994,0.0122987,0.0097784,0.0075459,0.0057261,0.0044049,0.0029632,0.0018852,0.001144,0.0001931
40.312,0.0155301,0.0123456,0.0097931,0.0075518,0.0057347,0.004414,0.0029689,0.0018934,0.0011482,0.0001951
40.995,0.0155599,0.0123906,0.0098078,0.0075575,0.0057433,0.004423,0.0029746,0.0019016,0.0011502,0.0001971
41.678,0.0155897,0.0124356,0.0098225,0.0075632,0.0057519,0.0044321,0.0029803,0.0019098,0.0011522,0.0001992
42.361,0.0156195,0.0124806,0.0098372,0.0075689,0.0057605,0.0044411,0.002986,0.001918,0.0011542,0.0002012
43.045,0.0156493,0.0125256,0.0098519,0.0075745,0.0057668,0.0044501,0.0029917,0.0019262,0.0011562,0.0002033
43.728,0.0156792,0.0125707,0.0098666,0.0075802,0.0057692,0.0044592,0.0029974,0.0019289,0.0011583,0.0002053
44.411,0.015709,0.0126157,0.0098812,0.0075859,0.0057716,0.0044682,0.0030031,0.0019311,0.0011603,0.0002073
45.094,0.0157388,0.0126607,0.0098959,0.0075916,0.0057739,0.0044773,0.0030081,0.0019334,0.0011623,0.0002094
45.777,0.0157686,0.0126821,0.0099095,0.0075973,0.0057763,0.0044863,0.0030119,0.0019357,0.0011643,0.0002114
46.46,0.0157984,0.012699,0.0099186,0.007603,0.0057787,0.0044878,0.0030157,0.001938,0.0011663,0.0002135
47.143,0.0158159,0.0127159,0.0099276,0.0076087,0.0057811,0.0044881,0.0030195,0.0019403,0.0011683,0.0002155
47.826,0.0158297,0.0127328,0.0099367,0.0076144,0.0057834,0.0044884,0.0030233,0.0019426,0.0011703,0.0002175
48.51,0.0158434,0.0127497,0.0099458,0.00762,0.0057858,0.0044887,0.0030271,0.0019449,0.0011724,0.0002196
49.193,0.0158572,0.0127666,0.0099549,0.0076257,0.0057882,0.004489,0.0030309,0.0019472,0.0011744,0.0002216
49.876,0.015871,0.0127835,0.0099639,0.0076314,0.0057906,0.0044893,0.0030348,0.0019495,0.0011764,0.0002237
50.559,0.0158848,0.0128004,0.009973,0.0076371,0.0057929,0.0044896,0.0030386,0.0019518,0.0011784,0.0002257
51.242,0.0158986,0.0128173,0.0099821,0.0076428,0.0057953,0.00449,0.0030424,0.0019541,0.0011804,0.0002277
51.925,0.0159124,0.0128342,0.0099912,0.0076485,0.0057977,0.0044903,0.0030462,0.0019564,0.0011824,0.0002298
52.608,0.0159261,0.0128511,0.0100002,0.0076542,0.0058001,0.0044906,0.00305,0.0019587,0.0011844,0.0002318
53.291,0.0159399,0.012868,0.0100093,0.0076599,0.0058024,0.0044909,0.0030538,0.001961,0.0011865,0.0002339
53.975,0.0159537,0.0128821,0.0100184,0.0076656,0.0058048,0.0044912,0.0030576,0.0019633,0.0011885,0.0002359
54.658,0.0159689,0.0128953,0.0100274,0.0076712,0.0058072,0.0044915,0.0030614,0.0019656,0.0011905,0.000238
55.341,0.0159851,0.0129084,0.0100365,0.0076769,0.0058096,0.0044918,0.0030653,0.0019679,0.0011925,0.00024
56.024,0.0160012,0.0129215,0.0100456,0.0076826,0.0058119,0.0044921,0.0030691,0.0019702,0.0011945,0.000242
56.707,0.0160174,0.0129347,0.0100547,0.0076883,0.0058143,0.0044924,0.0030729,0.0019725,0.0011965,0.0002441
57.39,0.0160336,0.0129478,0.0100637,0.007694,0.0058167,0.0044927,0.0030767,0.0019748,0.0011985,0.0002461
58.073,0.0160498,0.0129609,0.0100728,0.0076997,0.0058191,0.004493,0.0030805,0.0019771,0.0012005,0.0002482
58.756,0.0160659,0.0129741,0.0100819,0.0077054,0.0058215,0.0044933,0.0030843,0.0019794,0.0012026,0.0002502
59.44,0.0160821,0.0129872,0.0100901,0.0077081,0.0058239,0.0044937,0.0030881,0.0019817,0.0012046,0.0002522
60.123,0.0160927,0.0130004,0.0100939,0.0077109,0.0058267,0.0044948,0.0030903,0.001984,0.0012066,0.0002518
60.806,0.0161009,0.0130098,0.0100976,0.0077136,0.0058295,0.0044976,0.0030923,0.0019855,0.001206,0.0002504
61.489,0.016109,0.0130191,0.0101013,0.0077164,0.0058324,0.0045005,0.0030942,0.0019867,0.0012055,0.0002491
62.172,0.0161171,0.0130283,0.010105,0.0077191,0.0058352,0.0045034,0.0030962,0.0019879,0.0012049,0.0002477
62.855,0.0161252,0.0130376,0.0101087,0.0077219,0.005838,0.0045062,0.0030982,0.0019891,0.0012044,0.0002463
63.538,0.0161334,0.0130469,0.0101125,0.0077246,0.0058408,0.0045091,0.0031002,0.0019903,0.0012038,0.000245
64.221,0.0161415,0.0130562,0.0101162,0.0077274,0.0058437,0.004512,0.0031022,0.0019914,0.0012033,0.0002436
64.904,0.0161496,0.0130655,0.0101199,0.0077301,0.0058465,0.0045148,0.0031042,0.0019926,0.0012027,0.0002422
65.588,0.0161577,0.0130748,0.0101236,0.0077329,0.0058493,0.0045177,0.0031062,0.0019938,0.0012022,0.0002409
66.271,0.0161658,0.013084,0.0101274,0.0077356,0.0058521,0.0045206,0.0031082,0.001995,0.0012017,0.0002395
66.954,0.016174,0.0130933,0.0101311,0.0077384,0.005855,0.0045234,0.0031101,0.0019962,0.0012011,0.0002381
67.637,0.0161821,0.0131026,0.0101348,0.0077411,0.0058578,0.0045263,0.0031121,0.0019974,0.0012006,0.0002368
68.32,0.0161902,0.0131119,0.0101385,0.0077439,0.0058606,0.0045292,0.0031141,0.0019986,0.0012,0.0002354
69.003,0.0161983,0.0131212,0.0101422,0.0077466,0.0058635,0.004532,0.0031161,0.0019998,0.0011995,0.000234
69.686,0.0162065,0.0131305,0.010146,0.0077494,0.0058663,0.0045349,0.0031181,0.002001,0.0011989,0.0002326
70.369,0.0162146,0.0131364,0.0101497,0.0077521,0.0058691,0.0045378,0.0031201,0.0020021,0.0011984,0.0002313
71.053,0.0162227,0.0131423,0.0101534,0.0077549,0.0058719,0.0045407,0.0031221,0.0020033,0.0011979,0.0002299
71.736,0.0162308,0.0131481,0.0101571,0.0077577,0.0058748,0.0045435,0.0031241,0.0020045,0.0011973,0.0002285
72.419,0.0162389,0.013154,0.0101609,0.0077604,0.0058776,0.0045464,0.003126,0.0020057,0.0011968,0.0002272
73.102,0.0162471,0.0131599,0.0101646,0.0077632,0.0058804,0.0045493,0.003128,0.0020069,0.0011962,0.0002258
73.785,0.0162552,0.0131658,0.0101683,0.0077659,0.0058833,0.0045521,0.00313,0.0020081,0.0011957,0.0002244
74.468,0.0162633,0.0131716,0.010172,0.0077687,0.0058861,0.004555,0.003132,0.0020093,0.0011951,0.0002231
75.151,0.0162714,0.0131775,0.0101757,0.0077714,0.0058889,0.0045579,0.003134,0.0020105,0.0011946,0.0002217
75.834,0.0162795,0.0131834,0.0101795,0.0077742,0.0058917,0.0045607,0.003136,0.0020116,0.001194,0.0002203
76.518,0.0162877,0.0131892,0.0101832,0.0077769,0.0058946,0.0045636,0.003138,0.0020128,0.0011935,0.000219
77.201,0.0162958,0.0131951,0.0101869,0.0077797,0.0058974,0.0045665,0.00314,0.002014,0.001193,0.0002176
77.884,0.0163039,0.013201,0.0101906,0.0077824,0.0059002,0.0045693,0.0031419,0.0020152,0.0011924,0.0002162
78.567,0.016312,0.0132069,0.0101944,0.0077852,0.0059031,0.0045722,0.0031439,0.0020164,0.0011919,0.0002149
79.25,0.0163202,0.0132115,0.0101981,0.0077879,0.0059059,0.0045751,0.0031459,0.0020176,0.0011913,0.0002135
79.933,0.0163252,0.0132148,0.0102008,0.0077907,0.0059087,0.0045779,0.0031479,0.0020182,0.0011908,0.0002121
80.616,0.0163293,0.013218,0.0102033,0.0077936,0.0059115,0.0045785,0.003149,0.0020168,0.0011907,0.0002121
81.299,0.0163334,0.0132213,0.0102057,0.0077965,0.0059144,0.0045788,0.0031502,0.0020154,0.001191,0.0002124
81.983,0.0163375,0.0132245,0.0102082,0.0077994,0.0059172,0.0045791,0.0031514,0.002014,0.0011914,0.0002127
82.666,0.0163416,0.0132278,0.0102106,0.0078023,0.00592,0.0045794,0.0031525,0.0020126,0.0011917,0.000213
83.349,0.0163458,0.013231,0.010213,0.0078053,0.0059229,0.0045797,0.0031537,0.0020112,0.001192,0.0002134
84.032,0.0163499,0.0132343,0.0102155,0.0078082,0.0059257,0.00458,0.0031548,0.0020098,0.0011923,0.0002137
84.715,0.016354,0.0132375,0.0102179,0.0078111,0.0059285,0.0045803,0.003156,0.0020084,0.0011926,0.000214
85.398,0.0163581,0.0132408,0.0102204,0.007814,0.0059313,0.0045806,0.0031572,0.002007,0.0011929,0.0002143
86.081,0.0163622,0.013244,0.0102228,0.0078169,0.0059342,0.004581,0.0031583,0.0020056,0.0011932,0.0002146
86.764,0.0163663,0.0132473,0.0102253,0.0078198,0.005937,0.0045813,0.0031595,0.0020042,0.0011935,0.0002149
87.447,0.0163705,0.0132505,0.0102277,0.0078227,0.0059398,0.0045816,0.0031606,0.0020028,0.0011938,0.0002152
88.131,0.0163746,0.0132538,0.0102301,0.0078256,0.0059427,0.0045819,0.0031618,0.0020014,0.0011941,0.0002155
88.814,0.0163787,0.013257,0.0102326,0.0078285,0.0059455,0.0045822,0.003163,0.002,0.0011944,0.0002158
89.497,0.0163828,0.0132603,0.010235,0.0078314,0.0059483,0.0045825,0.0031641,0.0019986,0.0011947,0.0002161
90.18,0.0163869,0.0132635,0.0102375,0.0078344,0.0059511,0.0045828,0.0031653,0.0019972,0.0011951,0.0002164
90.863,0.0163911,0.0132668,0.0102399,0.0078373,0.005954,0.0045831,0.0031664,0.0019958,0.0011954,0.0002167
91.546,0.0163952,0.01327,0.0102423,0.0078402,0.0059568,0.0045834,0.0031676,0.0019944,0.0011957,0.0002171
92.229,0.0163993,0.0132733,0.0102448,0.0078431,0.0059596,0.0045837,0.0031688,0.001993,0.001196,0.0002174
92.912,0.0164034,0.0132765,0.0102472,0.007846,0.0059625,0.004584,0.0031699,0.0019916,0.0011963,0.0002177
93.596,0.0164075,0.0132798,0.0102497,0.0078489,0.0059653,0.0045843,0.0031711,0.0019902,0.0011966,0.000218
94.279,0.0164117,0.013283,0.0102521,0.0078518,0.0059681,0.0045847,0.0031722,0.0019888,0.0011969,0.0002183
94.962,0.0164158,0.0132863,0.0102546,0.0078547,0.0059709,0.004585,0.0031734,0.0019875,0.0011972,0.0002186
95.645,0.0164199,0.0132895,0.010257,0.0078576,0.0059738,0.0045853,0.0031746,0.0019861,0.0011975,0.0002189
96.328,0.016424,0.0132928,0.0102594,0.0078605,0.0059766,0.0045856,0.0031757,0.0019847,0.0011978,0.0002192
97.011,0.0164281,0.013296,0.0102619,0.0078635,0.0059794,0.0045859,0.0031769,0.0019833,0.0011981,0.0002195
97.694,0.0164323,0.0132993,0.0102643,0.0078664,0.0059823,0.0045862,0.0031781,0.0019819,0.0011984,0.0002198
98.377,0.0164364,0.0133025,0.0102668,0.0078693,0.0059851,0.0045865,0.0031792,0.0019805,0.0011988,0.0002201
99.061,0.0164405,0.0133058,0.0102692,0.0078722,0.0059879,0.0045868,0.0031804,0.0019791,0.0011991,0.0002204
99.744,0.0164446,0.013309,0.0102716,0.0078749,0.0059907,0.0045871,0.0031815,0.0019777,0.0011994,0.0002208
100.427,0.0164487,0.0133123,0.0102741,0.0078769,0.005993,0.0045874,0.0031838,0.0019783,0.0012006,0.0002211
101.11,0.0164528,0.0133155,0.0102765,0.007879,0.0059942,0.0045877,0.0031868,0.0019795,0.0012017,0.0002205
101.793,0.016457,0.0133188,0.010279,0.007881,0.0059953,0.004588,0.0031897,0.0019806,0.0012029,0.0002199
102.476,0.0164611,0.013322,0.0102814,0.007883,0.0059965,0.0045884,0.0031927,0.0019818,0.001204,0.0002193
103.159,0.0164652,0.0133252,0.0102838,0.0078851,0.0059976,0.0045887,0.0031956,0.0019829,0.0012052,0.0002187
103.842,0.0164693,0.0133285,0.0102863,0.0078871,0.0059988,0.004589,0.0031986,0.0019841,0.0012063,0.0002181
104.525,0.0164734,0.0133317,0.0102887,0.0078892,0.006,0.0045893,0.0032015,0.0019852,0.0012075,0.0002175
105.209,0.0164776,0.013335,0.0102912,0.0078912,0.0060011,0.0045896,0.0032045,0.0019864,0.0012086,0.0002169
105.892,0.0164817,0.0133382,0.0102936,0.0078933,0.0060023,0.0045899,0.0032074,0.0019875,0.0012098,0.0002163
106.575,0.0164858,0.0133415,0.0102961,0.0078953,0.0060034,0.0045902,0.0032104,0.0019887,0.0012109,0.0002157
107.258,0.0164899,0.0133447,0.0102985,0.0078973,0.0060046,0.0045905,0.0032133,0.0019898,0.0012121,0.0002151
107.941,0.016494,0.013348,0.0103009,0.0078994,0.0060058,0.0045908,0.0032163,0.001991,0.0012132,0.0002145
108.624,0.0164982,0.0133512,0.0103034,0.0079014,0.0060069,0.0045911,0.0032192,0.0019921,0.0012144,0.0002139
109.307,0.0165023,0.0133545,0.0103058,0.0079035,0.0060081,0.0045914,0.0032222,0.0019933,0.0012155,0.0002133
109.99,0.0165064,0.0133577,0.0103083,0.0079055,0.0060093,0.0045917,0.0032251,0.0019944,0.0012167,0.0002127
110.674,0.0165105,0.013361,0.0103107,0.0079075,0.0060104,0.0045921,0.0032281,0.0019956,0.0012178,0.0002121
111.357,0.0165146,0.0133642,0.0103131,0.0079096,0.0060116,0.0045924,0.003231,0.0019967,0.001219,0.0002115
112.04,0.0165188,0.0133675,0.0103156,0.0079116,0.0060127,0.0045927,0.003234,0.0019978,0.0012201,0.0002109
112.723,0.0165229,0.0133707,0.010318,0.0079137,0.0060139,0.004593,0.0032369,0.001999,0.0012213,0.0002103
113.406,0.016527,0.013374,0.0103205,0.0079157,0.0060151,0.0045933,0.0032399,0.0020001,0.0012224,0.0002097
114.089,0.0165311,0.0133772,0.0103229,0.0079178,0.0060162,0.0045936,0.0032428,0.0020013,0.0012235,0.0002091
114.772,0.0165352,0.0133805,0.0103254,0.0079198,0.0060174,0.0045939,0.0032458,0.0020024,0.0012247,0.0002085
115.455,0.0165393,0.0133837,0.0103278,0.0079218,0.0060185,0.0045942,0.0032487,0.0020036,0.0012258,0.0002079
116.139,0.0165435,0.013387,0.0103302,0.0079239,0.0060197,0.0045945,0.0032517,0.0020047,0.001227,0.0002073
116.822,0.0165476,0.0133902,0.0103327,0.0079259,0.0060209,0.0045948,0.0032546,0.0020059,0.0012281,0.0002067
117.505,0.0165517,0.0133935,0.0103351,0.007928,0.006022,0.0045951,0.0032576,0.002007,0.0012293,0.0002061
118.188,0.0165558,0.0133967,0.0103376,0.00793,0.0060232,0.0045954,0.0032605,0.0020082,0.0012304,0.0002055
118.871,0.0165599,0.0134,0.01034,0.007932,0.0060243,0.0045958,0.0032635,0.0020093,0.0012316,0.0002049
119.554,0.0165641,0.0134032,0.0103424,0.0079338,0.0060255,0.0045961,0.0032659,0.0020105,0.0012327,0.0002046
120.237,0.0165676,0.013405,0.0103441,0.007935,0.0060267,0.0045966,0.0032654,0.0020116,0.0012335,0.0002049
120.92,0.0165705,0.0134062,0.0103457,0.0079362,0.0060278,0.0045974,0.0032648,0.0020112,0.001233,0.0002052
121.604,0.0165734,0.0134073,0.0103473,0.0079374,0.006029,0.0045981,0.0032643,0.0020106,0.0012324,0.0002055
122.287,0.0165764,0.0134085,0.0103489,0.0079385,0.0060302,0.0045989,0.0032637,0.0020101,0.0012318,0.0002059
122.97,0.0165793,0.0134097,0.0103505,0.0079397,0.0060313,0.0045996,0.0032632,0.0020095,0.0012313,0.0002062
123.653,0.0165822,0.0134109,0.0103521,0.0079409,0.0060325,0.0046004,0.0032627,0.0020089,0.0012307,0.0002065
124.336,0.0165852,0.013412,0.0103537,0.0079421,0.0060336,0.0046011,0.0032621,0.0020084,0.0012301,0.0002068
125.019,0.0165881,0.0134132,0.0103553,0.0079432,0.0060348,0.0046019,0.0032616,0.0020078,0.0012296,0.0002071
125.702,0.016591,0.0134144,0.0103569,0.0079444,0.006036,0.0046026,0.003261,0.0020072,0.001229,0.0002074
126.385,0.0165939,0.0134156,0.0103585,0.0079456,0.0060371,0.0046034,0.0032605,0.0020067,0.0012284,0.0002077
127.068,0.0165969,0.0134167,0.0103601,0.0079468,0.0060383,0.0046041,0.0032599,0.0020061,0.0012279,0.000208
127.752,0.0165998,0.0134179,0.0103617,0.0079479,0.0060394,0.0046049,0.0032594,0.0020055,0.0012273,0.0002083
128.435,0.0166027,0.0134191,0.0103633,0.0079491,0.0060406,0.0046056,0.0032588,0.002005,0.0012267,0.0002086
129.118,0.0166057,0.0134203,0.0103649,0.0079503,0.0060418,0.0046064,0.0032583,0.0020044,0.0012262,0.0002089
129.801,0.0166086,0.0134214,0.0103665,0.0079515,0.0060429,0.0046071,0.0032578,0.0020038,0.0012256,0.0002092
130.484,0.0166115,0.0134226,0.0103681,0.0079526,0.0060441,0.0046079,0.0032572,0.0020033,0.0012251,0.0002096
131.167,0.0166145,0.0134238,0.0103697,0.0079538,0.0060452,0.0046086,0.0032567,0.0020027,0.0012245,0.0002099
131.85,0.0166174,0.013425,0.0103713,0.007955,0.0060464,0.0046094,0.0032561,0.0020022,0.0012239,0.0002102
132.533,0.0166203,0.0134261,0.0103729,0.0079562,0.0060476,0.0046101,0.0032556,0.0020016,0.0012234,0.0002105
133.217,0.0166233,0.0134273,0.0103745,0.0079573,0.0060487,0.0046109,0.003255,0.002001,0.0012228,0.0002108
133.9,0.0166262,0.0134285,0.0103761,0.0079585,0.0060499,0.0046117,0.0032545,0.0020005,0.0012222,0.0002111
134.583,0.0166291,0.0134297,0.0103777,0.0079597,0.0060511,0.0046124,0.003254,0.0019999,0.0012217,0.0002114
135.266,0.016632,0.0134308,0.0103793,0.0079609,0.0060522,0.0046132,0.0032534,0.0019993,0.0012211,0.0002117
135.949,0.016635,0.013432,0.0103809,0.007962,0.0060534,0.0046139,0.0032529,0.0019988,0.0012205,0.000212
136.632,0.0166379,0.0134332,0.0103825,0.0079632,0.0060545,0.0046147,0.0032523,0.0019982,0.00122,0.0002123
137.315,0.0166408,0.0134344,0.0103841,0.0079644,0.0060557,0.0046154,0.0032518,0.0019976,0.0012194,0.0002126
137.998,0.0166438,0.0134355,0.0103857,0.0079656,0.0060569,0.0046162,0.0032512,0.0019971,0.0012188,0.0002129
138.682,0.0166467,0.0134367,0.0103873,0.0079667,0.006058,0.0046169,0.0032507,0.0019965,0.0012183,0.0002133
139.365,0.0166496,0.0134379,0.0103889,0.0079683,0.0060592,0.0046177,0.0032501,0.0019959,0.0012177,0.0002136
140.048,0.0166526,0.0134391,0.0103905,0.0079707,0.0060603,0.0046184,0.0032502,0.0019954,0.0012172,0.0002139
140.731,0.0166555,0.0134402,0.0103921,0.0079731,0.0060615,0.0046192,0.0032505,0.0019948,0.0012166,0.0002142
141.414,0.0166584,0.0134414,0.0103936,0.0079755,0.0060627,0.0046199,0.0032508,0.0019943,0.001216,0.0002145
142.097,0.0166614,0.0134426,0.0103952,0.0079779,0.0060639,0.0046207,0.0032511,0.0019937,0.0012155,0.0002148
142.78,0.0166643,0.0134438,0.0103968,0.0079803,0.0060651,0.0046214,0.0032514,0.0019931,0.0012149,0.0002151
143.463,0.0166672,0.0134449,0.0103984,0.0079827,0.0060663,0.0046222,0.0032518,0.0019926,0.0012143,0.0002154
144.147,0.0166701,0.0134461,0.0104,0.0079851,0.0060675,0.0046229,0.0032521,0.001992,0.0012138,0.0002157
144.83,0.0166731,0.0134473,0.0104016,0.0079875,0.0060687,0.0046237,0.0032524,0.0019914,0.0012132,0.000216
145.513,0.016676,0.0134485,0.0104032,0.0079899,0.0060698,0.0046244,0.0032527,0.0019909,0.0012126,0.0002163
146.196,0.0166789,0.0134496,0.0104048,0.0079923,0.006071,0.0046252,0.003253,0.0019903,0.0012121,0.0002166
146.879,0.0166819,0.0134508,0.0104064,0.0079946,0.0060722,0.004626,0.0032533,0.0019897,0.0012115,0.000217
147.562,0.0166848,0.013452,0.010408,0.007997,0.0060734,0.0046267,0.0032536,0.0019892,0.0012109,0.0002173
148.245,0.0166877,0.0134532,0.0104096,0.0079994,0.0060746,0.0046275,0.0032539,0.0019886,0.0012104,0.0002176
148.928,0.0166907,0.0134543,0.0104112,0.0080018,0.0060758,0.0046282,0.0032542,0.001988,0.0012098,0.0002179
149.611,0.0166936,0.0134555,0.0104128,0.0080042,0.006077,0.004629,0.0032545,0.0019875,0.0012092,0.0002182
150.295,0.0166965,0.0134567,0.0104144,0.0080066,0.0060782,0.0046297,0.0032548,0.0019869,0.0012087,0.0002185
150.978,0.0166995,0.0134579,0.010416,0.008009,0.0060794,0.0046305,0.0032551,0.0019863,0.0012081,0.0002188
151.661,0.0167024,0.013459,0.0104176,0.0080114,0.0060806,0.0046312,0.0032555,0.0019858,0.0012076,0.0002191
152.344,0.0167053,0.0134602,0.0104192,0.0080138,0.0060817,0.004632,0.0032558,0.0019852,0.001207,0.0002194
153.027,0.0167082,0.0134614,0.0104208,0.0080162,0.0060829,0.0046327,0.0032561,0.0019847,0.0012064,0.0002197
153.71,0.0167112,0.0134626,0.0104224,0.0080186,0.0060841,0.0046335,0.0032564,0.0019841,0.0012059,0.00022
154.393,0.0167141,0.0134637,0.010424,0.008021,0.0060853,0.0046342,0.0032567,0.0019835,0.0012053,0.0002203
155.076,0.016717,0.0134649,0.0104256,0.0080234,0.0060865,0.004635,0.003257,0.001983,0.0012047,0.0002207
155.76,0.01672,0.0134661,0.0104272,0.0080257,0.0060877,0.0046357,0.0032573,0.0019824,0.0012042,0.000221
156.443,0.0167229,0.0134673,0.0104288,0.0080281,0.0060889,0.0046365,0.0032576,0.0019818,0.0012036,0.0002213
157.126,0.0167258,0.0134684,0.0104304,0.0080305,0.0060901,0.0046372,0.0032579,0.0019813,0.001203,0.0002216
157.809,0.0167288,0.0134696,0.010432,0.0080329,0.0060913,0.004638,0.0032582,0.0019807,0.0012025,0.0002219
158.492,0.0167317,0.0134708,0.0104336,0.0080353,0.0060924,0.0046387,0.0032585,0.0019801,0.0012019,0.0002222
159.175,0.0167345,0.013472,0.0104352,0.0080377,0.0060936,0.0046399,0.0032588,0.0019796,0.0012013,0.0002225
159.858,0.0167361,0.0134738,0.0104368,0.0080401,0.0060948,0.004641,0.0032598,0.0019794,0.0012008,0.0002228
160.541,0.0167377,0.0134758,0.0104384,0.0080425,0.006096,0.0046422,0.003261,0.0019797,0.0012003,0.0002222
161.225,0.0167392,0.0134778,0.01044,0.0080449,0.0060972,0.0046433,0.0032621,0.00198,0.0011997,0.0002217
161.908,0.0167408,0.0134798,0.0104416,0.0080473,0.0060984,0.0046444,0.0032633,0.0019803,0.0011992,0.0002212
162.591,0.0167424,0.0134818,0.0104432,0.0080497,0.0060996,0.0046456,0.0032644,0.0019806,0.0011987,0.0002206
163.274,0.016744,0.0134838,0.0104447,0.0080521,0.0061008,0.0046467,0.0032656,0.001981,0.0011981,0.0002201
163.957,0.0167456,0.0134858,0.0104463,0.0080545,0.006102,0.0046478,0.0032667,0.0019813,0.0011976,0.0002196
164.64,0.0167472,0.0134878,0.0104479,0.0080568,0.0061032,0.004649,0.0032679,0.0019816,0.001197,0.0002191
165.323,0.0167488,0.0134898,0.0104495,0.0080592,0.0061043,0.0046501,0.003269,0.0019819,0.0011965,0.0002185
166.006,0.0167504,0.0134918,0.0104511,0.0080616,0.0061055,0.0046512,0.0032702,0.0019822,0.001196,0.000218
166.689,0.016752,0.0134938,0.0104527,0.008064,0.0061067,0.0046524,0.0032713,0.0019825,0.0011954,0.0002175
167.373,0.0167535,0.0134958,0.0104543,0.0080664,0.0061079,0.0046535,0.0032725,0.0019828,0.0011949,0.0002169
168.056,0.0167551,0.0134978,0.0104559,0.0080688,0.0061091,0.0046546,0.0032736,0.0019831,0.0011944,0.0002164
168.739,0.0167567,0.0134998,0.0104574,0.0080712,0.0061103,0.0046558,0.0032748,0.0019834,0.0011938,0.0002159
169.422,0.0167583,0.0135018,0.010459,0.0080736,0.0061115,0.0046569,0.003276,0.0019837,0.0011933,0.0002153
170.105,0.0167599,0.0135038,0.0104606,0.008076,0.0061127,0.004658,0.0032771,0.001984,0.0011927,0.0002148
170.788,0.0167615,0.0135058,0.0104622,0.0080784,0.0061139,0.0046592,0.0032783,0.0019843,0.0011922,0.0002143
171.471,0.0167631,0.0135078,0.0104638,0.0080808,0.006115,0.0046603,0.0032794,0.0019847,0.0011917,0.0002138
172.154,0.0167647,0.0135098,0.0104654,0.0080832,0.0061162,0.0046615,0.0032806,0.001985,0.0011911,0.0002132
172.838,0.0167662,0.0135118,0.010467,0.0080855,0.0061174,0.0046626,0.0032817,0.0019853,0.0011906,0.0002127
173.521,0.0167678,0.0135138,0.0104686,0.0080879,0.0061186,0.0046637,0.0032829,0.0019856,0.0011901,0.0002122
174.204,0.0167694,0.0135158,0.0104701,0.0080903,0.0061198,0.0046649,0.003284,0.0019859,0.0011895,0.0002116
174.887,0.016771,0.0135178,0.0104717,0.0080927,0.006121,0.004666,0.0032852,0.0019862,0.001189,0.0002111
175.57,0.0167726,0.0135198,0.0104733,0.0080951,0.0061222,0.0046671,0.0032863,0.0019865,0.0011884,0.0002106
176.253,0.0167742,0.0135218,0.0104749,0.0080975,0.0061234,0.0046683,0.0032875,0.0019868,0.0011879,0.00021
176.936,0.0167758,0.0135238,0.0104765,0.0080999,0.0061246,0.0046694,0.0032887,0.0019871,0.0011874,0.0002095
177.619,0.0167774,0.0135258,0.0104781,0.0081023,0.0061258,0.0046705,0.0032898,0.0019874,0.0011868,0.000209
178.303,0.016779,0.0135278,0.0104797,0.0081047,0.0061269,0.0046717,0.003291,0.0019877,0.0011863,0.0002084
178.986,0.0167805,0.0135299,0.0104813,0.0081071,0.0061281,0.0046728,0.0032921,0.001988,0.0011858,0.0002079
179.669,0.0167821,0.0135319,0.0104828,0.0081095,0.0061293,0.0046739,0.0032933,0.0019884,0.0011852,0.0002074
180.352,0.0167837,0.0135339,0.0104844,0.0081116,0.0061305,0.0046751,0.0032944,0.0019887,0.0011847,0.0002069
181.035,0.0167853,0.0135359,0.010486,0.0081124,0.0061316,0.0046762,0.0032956,0.001989,0.0011842,0.0002063
181.718,0.0167869,0.0135379,0.0104876,0.0081131,0.0061328,0.0046773,0.0032967,0.0019893,0.0011836,0.0002058
182.401,0.0167885,0.0135399,0.0104892,0.0081139,0.0061339,0.0046785,0.0032979,0.0019896,0.0011831,0.0002053
183.084,0.0167901,0.0135419,0.0104908,0.0081146,0.0061351,0.0046796,0.003299,0.0019899,0.0011825,0.0002047
183.768,0.0167917,0.0135439,0.0104924,0.0081153,0.0061362,0.0046808,0.0033002,0.0019902,0.001182,0.0002042
184.451,0.0167932,0.0135459,0.010494,0.0081161,0.0061374,0.0046819,0.0033013,0.0019905,0.0011815,0.0002037
185.134,0.0167948,0.0135479,0.0104955,0.0081168,0.0061385,0.004683,0.0033025,0.0019908,0.0011809,0.0002031
185.817,0.0167964,0.0135499,0.0104971,0.0081175,0.0061397,0.0046842,0.0033037,0.0019911,0.0011804,0.0002026
186.5,0.016798,0.0135519,0.0104987,0.0081183,0.0061408,0.0046853,0.0033048,0.0019914,0.0011799,0.0002021
187.183,0.0167996,0.0135539,0.0105003,0.008119,0.006142,0.0046864,0.003306,0.0019917,0.0011793,0.0002016
187.866,0.0168012,0.0135559,0.0105019,0.0081198,0.0061432,0.0046876,0.0033071,0.0019921,0.0011788,0.000201
188.549,0.0168028,0.0135579,0.0105035,0.0081205,0.0061443,0.0046887,0.0033083,0.0019924,0.0011782,0.0002005
189.232,0.0168044,0.0135599,0.0105051,0.0081212,0.0061455,0.0046898,0.0033094,0.0019927,0.0011777,0.0002
189.916,0.0168059,0.0135619,0.0105067,0.008122,0.0061466,0.004691,0.0033106,0.001993,0.0011772,0.0001994
190.599,0.0168075,0.0135639,0.0105083,0.0081227,0.0061478,0.0046921,0.0033117,0.0019933,0.0011766,0.0001989
191.282,0.0168091,0.0135659,0.0105098,0.0081235,0.0061489,0.0046932,0.0033129,0.0019936,0.0011761,0.0001984
191.965,0.0168107,0.0135679,0.0105114,0.0081242,0.0061501,0.0046944,0.003314,0.0019939,0.0011756,0.0001978
192.648,0.0168123,0.0135699,0.010513,0.0081249,0.0061512,0.0046955,0.0033152,0.0019942,0.001175,0.0001973
193.331,0.0168139,0.0135719,0.0105146,0.0081257,0.0061524,0.0046966,0.0033164,0.0019945,0.0011745,0.0001968
194.014,0.0168155,0.0135739,0.0105162,0.0081264,0.0061535,0.0046978,0.0033175,0.0019948,0.0011739,0.0001962
194.697,0.0168171,0.0135759,0.0105178,0.0081271,0.0061547,0.0046989,0.0033187,0.0019951,0.0011734,0.0001957
195.381,0.0168187,0.0135779,0.0105194,0.0081279,0.0061559,0.0047001,0.0033198,0.0019954,0.0011729,0.0001952
196.064,0.0168202,0.0135799,0.010521,0.0081286,0.006157,0.0047012,0.003321,0.0019958,0.0011723,0.0001947
196.747,0.0168218,0.0135819,0.0105225,0.0081294,0.0061582,0.0047023,0.0033221,0.0019961,0.0011718,0.0001941
197.43,0.0168234,0.0135839,0.0105241,0.0081301,0.0061593,0.0047035,0.0033233,0.0019964,0.0011713,0.0001936
198.113,0.016825,0.0135859,0.0105257,0.0081308,0.0061605,0.0047046,0.0033244,0.0019967,0.0011707,0.0001931
198.796,0.0168266,0.0135879,0.0105273,0.0081316,0.0061616,0.0047057,0.0033256,0.001997,0.0011702,0.0001925
199.479,0.0168282,0.0135899,0.0105289,0.0081323,0.0061628,0.0047069,0.0033267,0.0019973,0.0011697,0.000192
200.162,0.0168298,0.0135915,0.0105302,0.008133,0.0061639,0.0047079,0.0033273,0.0019976,0.0011693,0.0001915
200.846,0.0168314,0.0135926,0.0105314,0.0081338,0.0061651,0.0047086,0.0033272,0.0019976,0.0011692,0.0001909
201.529,0.016833,0.0135938,0.0105325,0.0081345,0.0061663,0.0047094,0.0033271,0.0019975,0.0011691,0.0001904
202.212,0.0168346,0.013595,0.0105337,0.0081353,0.0061674,0.0047101,0.0033269,0.0019974,0.001169,0.0001898
202.895,0.0168362,0.0135961,0.0105349,0.008136,0.0061686,0.0047108,0.0033268,0.0019973,0.0011688,0.0001892
203.578,0.0168378,0.0135973,0.0105361,0.0081367,0.0061697,0.0047116,0.0033267,0.0019971,0.0011687,0.0001886
204.261,0.0168394,0.0135985,0.0105372,0.0081375,0.0061709,0.0047123,0.0033266,0.001997,0.0011686,0.0001881
204.944,0.016841,0.0135996,0.0105384,0.0081382,0.006172,0.004713,0.0033265,0.0019969,0.0011685,0.0001875
205.627,0.0168426,0.0136008,0.0105396,0.008139,0.0061732,0.0047138,0.0033263,0.0019968,0.0011684,0.0001869
206.311,0.0168442,0.013602,0.0105408,0.0081397,0.0061743,0.0047145,0.0033262,0.0019967,0.0011683,0.0001864
206.994,0.0168458,0.0136031,0.0105419,0.0081404,0.0061755,0.0047153,0.0033261,0.0019965,0.0011682,0.0001858
207.677,0.0168474,0.0136043,0.0105431,0.0081412,0.0061766,0.004716,0.003326,0.0019964,0.0011681,0.0001852
208.36,0.016849,0.0136055,0.0105443,0.0081419,0.0061778,0.0047167,0.0033259,0.0019963,0.001168,0.0001846
209.043,0.0168506,0.0136066,0.0105455,0.0081426,0.006179,0.0047175,0.0033257,0.0019962,0.0011678,0.0001841
209.726,0.0168522,0.0136078,0.0105466,0.0081434,0.0061801,0.0047182,0.0033256,0.001996,0.0011677,0.0001835
210.409,0.0168538,0.013609,0.0105478,0.0081441,0.0061813,0.0047189,0.0033255,0.0019959,0.0011676,0.0001829
211.092,0.0168554,0.0136101,0.010549,0.0081449,0.0061824,0.0047197,0.0033254,0.0019958,0.0011675,0.0001824
211.775,0.016857,0.0136113,0.0105502,0.0081456,0.0061836,0.0047204,0.0033253,0.0019957,0.0011674,0.0001818
212.459,0.0168585,0.0136125,0.0105513,0.0081463,0.0061847,0.0047212,0.0033251,0.0019956,0.0011673,0.0001812
213.142,0.0168601,0.0136137,0.0105525,0.0081471,0.0061859,0.0047219,0.003325,0.0019954,0.0011672,0.0001806
213.825,0.0168617,0.0136148,0.0105537,0.0081478,0.006187,0.0047226,0.0033249,0.0019953,0.0011671,0.0001801
214.508,0.0168633,0.013616,0.0105549,0.0081485,0.0061882,0.0047234,0.0033248,0.0019952,0.001167,0.0001795
215.191,0.0168649,0.0136172,0.010556,0.0081493,0.0061893,0.0047241,0.0033246,0.0019951,0.0011668,0.0001789
215.874,0.0168665,0.0136183,0.0105572,0.00815,0.0061905,0.0047249,0.0033245,0.001995,0.0011667,0.0001784
216.557,0.0168681,0.0136195,0.0105584,0.0081508,0.0061917,0.0047256,0.0033244,0.0019948,0.0011666,0.0001778
217.24,0.0168697,0.0136207,0.0105596,0.0081515,0.0061928,0.0047263,0.0033243,0.0019947,0.0011665,0.0001772
217.924,0.0168713,0.0136218,0.0105607,0.0081522,0.006194,0.0047271,0.0033242,0.0019946,0.0011664,0.0001766
218.607,0.0168729,0.013623,0.0105619,0.008153,0.0061951,0.0047278,0.003324,0.0019945,0.0011663,0.0001761
219.29,0.0168745,0.0136242,0.0105631,0.0081537,0.0061963,0.0047285,0.0033239,0.0019944,0.0011662,0.0001755
219.973,0.0168761,0.0136253,0.0105643,0.0081544,0.0061971,0.0047293,0.0033238,0.0019942,0.0011661,0.0001749
220.656,0.0168777,0.0136265,0.0105654,0.0081552,0.006197,0.00473,0.0033237,0.0019941,0.001166,0.0001753
221.339,0.0168793,0.0136277,0.0105666,0.0081559,0.0061969,0.0047308,0.0033236,0.001994,0.0011658,0.0001761
222.022,0.0168809,0.0136288,0.0105678,0.0081567,0.0061968,0.0047315,0.0033234,0.0019939,0.0011657,0.0001768
222.705,0.0168825,0.01363,0.010569,0.0081574,0.0061967,0.0047322,0.0033233,0.0019937,0.0011656,0.0001775
223.389,0.0168841,0.0136312,0.0105701,0.0081582,0.0061965,0.004733,0.0033232,0.0019936,0.0011655,0.0001783
224.072,0.0168857,0.0136323,0.0105713,0.0081589,0.0061964,0.0047337,0.0033231,0.0019935,0.0011654,0.000179
224.755,0.0168873,0.0136335,0.0105725,0.0081596,0.0061963,0.0047345,0.003323,0.0019934,0.0011653,0.0001798
225.438,0.0168889,0.0136347,0.0105737,0.0081604,0.0061962,0.0047352,0.0033228,0.0019933,0.0011652,0.0001805
226.121,0.0168905,0.0136359,0.0105748,0.0081611,0.006196,0.0047359,0.0033227,0.0019931,0.0011651,0.0001812
226.804,0.0168921,0.013637,0.010576,0.0081619,0.0061959,0.0047367,0.0033226,0.001993,0.001165,0.000182
227.487,0.0168937,0.0136382,0.0105772,0.0081626,0.0061958,0.0047374,0.0033225,0.0019929,0.0011648,0.0001827
228.17,0.0168953,0.0136394,0.0105784,0.0081633,0.0061957,0.0047381,0.0033223,0.0019928,0.0011647,0.0001834
228.853,0.0168969,0.0136405,0.0105795,0.0081641,0.0061956,0.0047389,0.0033222,0.0019927,0.0011646,0.0001842
229.537,0.0168985,0.0136417,0.0105807,0.0081648,0.0061954,0.0047396,0.0033221,0.0019925,0.0011645,0.0001849
230.22,0.0169001,0.0136429,0.0105819,0.0081656,0.0061953,0.0047404,0.003322,0.0019924,0.0011644,0.0001856
230.903,0.0169017,0.013644,0.0105831,0.0081663,0.0061952,0.0047411,0.0033219,0.0019923,0.0011643,0.0001864
231.586,0.0169033,0.0136452,0.0105842,0.0081671,0.0061951,0.0047418,0.0033217,0.0019922,0.0011642,0.0001871
232.269,0.0169049,0.0136464,0.0105854,0.0081678,0.0061949,0.0047426,0.0033216,0.0019921,0.0011641,0.0001878
232.952,0.0169065,0.0136475,0.0105866,0.0081685,0.0061948,0.0047433,0.0033215,0.0019919,0.001164,0.0001886
233.635,0.0169081,0.0136487,0.0105878,0.0081693,0.0061947,0.0047441,0.0033214,0.0019918,0.0011638,0.0001893
234.318,0.0169097,0.0136499,0.0105889,0.00817,0.0061946,0.0047448,0.0033213,0.0019917,0.0011637,0.00019
235.002,0.0169113,0.013651,0.0105901,0.0081708,0.0061945,0.0047455,0.0033211,0.0019916,0.0011636,0.0001908
235.685,0.0169129,0.0136522,0.0105913,0.0081715,0.0061943,0.0047463,0.003321,0.0019914,0.0011635,0.0001915
236.368,0.0169145,0.0136534,0.0105925,0.0081723,0.0061942,0.004747,0.0033209,0.0019913,0.0011634,0.0001922
237.051,0.0169161,0.0136545,0.0105936,0.008173,0.0061941,0.0047477,0.0033208,0.0019912,0.0011633,0.000193
237.734,0.0169177,0.0136557,0.0105948,0.0081737,0.006194,0.0047485,0.0033207,0.0019911,0.0011632,0.0001937
238.417,0.0169193,0.0136569,0.010596,0.0081745,0.0061939,0.0047492,0.0033205,0.001991,0.0011631,0.0001944
239.1,0.0169209,0.013658,0.0105972,0.0081752,0.0061937,0.00475,0.0033204,0.0019908,0.001163,0.0001952
239.783,0.0169217,0.0136592,0.010598,0.008176,0.0061936,0.0047507,0.0033203,0.0019907,0.0011628,0.0001959
240.467,0.0169224,0.0136599,0.0105987,0.0081767,0.0061935,0.0047506,0.0033202,0.0019906,0.0011627,0.0001966
241.15,0.0169232,0.0136606,0.0105994,0.0081774,0.0061934,0.0047505,0.00332,0.0019905,0.0011632,0.0001974
241.833,0.0169239,0.0136614,0.0106002,0.0081782,0.0061932,0.0047504,0.0033199,0.0019903,0.0011639,0.0001981
242.516,0.0169246,0.0136621,0.0106009,0.0081789,0.0061931,0.0047503,0.0033198,0.0019902,0.0011647,0.0001989
243.199,0.0169254,0.0136628,0.0106016,0.0081797,0.006193,0.0047501,0.0033197,0.0019901,0.0011654,0.0001996
243.882,0.0169261,0.0136636,0.0106024,0.0081804,0.0061929,0.00475,0.0033195,0.00199,0.0011662,0.0002003
244.565,0.0169268,0.0136643,0.0106031,0.0081812,0.0061928,0.0047499,0.0033194,0.0019898,0.0011669,0.0002011
245.248,0.0169276,0.013665,0.0106038,0.0081819,0.0061926,0.0047498,0.0033193,0.0019897,0.0011677,0.0002018
245.932,0.0169283,0.0136658,0.0106046,0.0081826,0.0061925,0.0047497,0.0033192,0.0019896,0.0011684,0.0002025
246.615,0.016929,0.0136665,0.0106053,0.0081834,0.0061924,0.0047495,0.003319,0.0019894,0.0011692,0.0002033
247.298,0.0169298,0.0136672,0.010606,0.0081841,0.0061923,0.0047494,0.0033189,0.0019893,0.0011699,0.000204
247.981,0.0169305,0.013668,0.0106068,0.0081849,0.0061922,0.0047493,0.0033188,0.0019892,0.0011707,0.0002047
248.664,0.0169312,0.0136687,0.0106075,0.0081856,0.006192,0.0047492,0.0033187,0.0019891,0.0011714,0.0002055
249.347,0.016932,0.0136694,0.0106082,0.0081863,0.0061919,0.0047491,0.0033185,0.0019889,0.0011721,0.0002062
250.03,0.0169327,0.0136702,0.0106089,0.0081871,0.0061918,0.0047489,0.0033184,0.0019888,0.0011729,0.0002069
250.713,0.0169334,0.0136709,0.0106097,0.0081878,0.0061917,0.0047488,0.0033183,0.0019887,0.0011736,0.0002077
251.396,0.0169342,0.0136716,0.0106104,0.0081886,0.0061915,0.0047487,0.0033182,0.0019885,0.0011744,0.0002084
252.08,0.0169349,0.0136724,0.0106111,0.0081893,0.0061914,0.0047486,0.003318,0.0019884,0.0011751,0.0002091
252.763,0.0169357,0.0136731,0.0106119,0.0081901,0.0061913,0.0047484,0.0033179,0.0019883,0.0011759,0.0002099
253.446,0.0169364,0.0136739,0.0106126,0.0081908,0.0061912,0.0047483,0.0033178,0.0019882,0.0011766,0.0002106
254.129,0.0169371,0.0136746,0.0106133,0.0081915,0.0061911,0.0047482,0.0033177,0.001988,0.0011774,0.0002113
254.812,0.0169379,0.0136753,0.0106141,0.0081923,0.0061909,0.0047481,0.0033175,0.0019879,0.0011781,0.0002121
255.495,0.0169386,0.0136761,0.0106148,0.008193,0.0061908,0.004748,0.0033174,0.0019878,0.0011789,0.0002128
256.178,0.0169393,0.0136768,0.0106155,0.0081938,0.0061907,0.0047478,0.0033173,0.0019876,0.0011796,0.0002135
256.861,0.0169401,0.0136775,0.0106163,0.0081945,0.0061906,0.0047477,0.0033172,0.0019875,0.0011804,0.0002143
257.545,0.0169408,0.0136783,0.010617,0.0081952,0.0061905,0.0047476,0.003317,0.0019874,0.0011811,0.000215
258.228,0.0169415,0.013679,0.0106177,0.008196,0.0061903,0.0047475,0.0033169,0.0019873,0.0011819,0.0002157
258.911,0.0169423,0.0136797,0.0106185,0.0081967,0.0061902,0.0047474,0.0033168,0.0019871,0.0011826,0.0002165
259.594,0.016943,0.0136805,0.0106192,0.0081975,0.0061901,0.0047472,0.0033167,0.001987,0.0011834,0.0002172
260.277,0.0169437,0.0136812,0.0106199,0.0081975,0.0061903,0.0047471,0.0033165,0.0019869,0.0011841,0.000218
260.96,0.0169445,0.0136819,0.0106206,0.0081974,0.0061906,0.004747,0.0033164,0.0019868,0.0011849,0.0002175
261.643,0.0169452,0.0136827,0.0106214,0.0081972,0.0061909,0.0047469,0.0033163,0.0019866,0.0011856,0.000217
262.326,0.0169459,0.0136834,0.0106221,0.0081971,0.0061913,0.0047467,0.0033162,0.0019865,0.0011864,0.0002164
263.01,0.0169467,0.0136841,0.0106228,0.008197,0.0061916,0.0047466,0.003316,0.0019864,0.0011871,0.0002159
263.693,0.0169474,0.0136849,0.0106236,0.0081969,0.0061919,0.0047465,0.0033159,0.0019862,0.0011879,0.0002153
264.376,0.0169481,0.0136856,0.0106243,0.0081967,0.0061922,0.0047464,0.0033158,0.0019861,0.0011886,0.0002148
265.059,0.0169489,0.0136863,0.010625,0.0081966,0.0061925,0.0047463,0.0033157,0.001986,0.0011894,0.0002142
265.742,0.0169496,0.0136871,0.0106258,0.0081965,0.0061928,0.0047461,0.0033156,0.0019859,0.0011901,0.0002137
266.425,0.0169504,0.0136878,0.0106265,0.0081964,0.0061931,0.004746,0.0033154,0.0019857,0.0011909,0.0002131
267.108,0.0169511,0.0136885,0.0106272,0.0081962,0.0061934,0.0047459,0.0033153,0.0019856,0.0011916,0.0002126
267.791,0.0169518,0.0136893,0.010628,0.0081961,0.0061937,0.0047458,0.0033152,0.0019855,0.0011924,0.000212
268.475,0.0169526,0.01369,0.0106287,0.008196,0.006194,0.0047457,0.0033151,0.0019853,0.0011931,0.0002115
269.158,0.0169533,0.0136908,0.0106294,0.0081959,0.0061943,0.0047455,0.0033149,0.0019852,0.0011939,0.0002109
269.841,0.016954,0.0136915,0.0106302,0.0081957,0.0061947,0.0047454,0.0033148,0.0019851,0.0011946,0.0002104
270.524,0.0169548,0.0136922,0.0106309,0.0081956,0.006195,0.0047453,0.0033147,0.001985,0.0011954,0.0002098
271.207,0.0169555,0.013693,0.0106316,0.0081955,0.0061953,0.0047452,0.0033146,0.0019848,0.0011961,0.0002093
271.89,0.0169562,0.0136937,0.0106324,0.0081954,0.0061956,0.004745,0.0033144,0.0019847,0.0011969,0.0002087
272.573,0.016957,0.0136944,0.0106331,0.0081952,0.0061959,0.0047449,0.0033143,0.0019846,0.0011976,0.0002081
273.256,0.0169577,0.0136952,0.0106338,0.0081951,0.0061962,0.0047448,0.0033142,0.0019844,0.0011983,0.0002076
273.939,0.0169584,0.0136959,0.0106345,0.008195,0.0061965,0.0047447,0.0033141,0.0019843,0.0011991,0.000207
274.623,0.0169592,0.0136966,0.0106353,0.0081949,0.0061968,0.0047446,0.0033139,0.0019842,0.0011998,0.0002065
275.306,0.0169599,0.0136974,0.010636,0.0081947,0.0061971,0.0047444,0.0033138,0.0019841,0.0012006,0.0002059
275.989,0.0169606,0.0136981,0.0106367,0.0081946,0.0061974,0.0047443,0.0033137,0.0019839,0.0012013,0.0002054
276.672,0.0169614,0.0136988,0.0106375,0.0081945,0.0061977,0.0047442,0.0033136,0.0019838,0.0012021,0.0002048
277.355,0.0169621,0.0136996,0.0106382,0.0081944,0.006198,0.0047441,0.0033134,0.0019837,0.0012028,0.0002043
278.038,0.0169628,0.0137003,0.0106389,0.0081942,0.0061984,0.004744,0.0033133,0.0019835,0.0012036,0.0002037
278.721,0.0169636,0.013701,0.0106397,0.0081941,0.0061987,0.0047438,0.0033132,0.0019834,0.0012043,0.0002032
279.404,0.0169644,0.0137018,0.0106404,0.008194,0.006199,0.0047437,0.0033132,0.0019833,0.0012051,0.0002026
280.088,0.016966,0.0137021,0.0106411,0.0081939,0.0061993,0.0047436,0.0033139,0.0019835,0.001205,0.0002021
280.771,0.0169675,0.0137016,0.0106419,0.0081937,0.0061996,0.0047435,0.0033146,0.0019838,0.0012044,0.0002015
281.454,0.0169691,0.013701,0.0106426,0.0081936,0.0061999,0.0047434,0.0033154,0.0019841,0.0012039,0.000201
282.137,0.0169707,0.0137004,0.0106434,0.0081935,0.0062002,0.0047432,0.0033161,0.0019845,0.0012033,0.0002004
282.82,0.0169723,0.0136999,0.0106441,0.0081934,0.0062005,0.0047431,0.0033168,0.0019848,0.0012028,0.0001999
283.503,0.0169739,0.0136993,0.0106449,0.0081932,0.0062008,0.004743,0.0033176,0.0019851,0.0012022,0.0001993
284.186,0.0169755,0.0136987,0.0106456,0.0081931,0.0062011,0.0047429,0.0033183,0.0019854,0.0012017,0.0001988
284.869,0.0169771,0.0136982,0.0106464,0.008193,0.0062014,0.0047428,0.003319,0.0019857,0.0012011,0.0001982
285.553,0.0169787,0.0136976,0.0106471,0.0081929,0.0062017,0.0047426,0.0033198,0.001986,0.0012006,0.0001977
286.236,0.0169802,0.013697,0.0106478,0.0081927,0.0062021,0.0047425,0.0033205,0.0019863,0.0012,0.0001971
286.919,0.0169818,0.0136965,0.0106486,0.0081926,0.0062024,0.0047424,0.0033212,0.0019866,0.0011995,0.0001966
287.602,0.0169834,0.0136959,0.0106493,0.0081925,0.0062027,0.0047423,0.003322,0.0019869,0.0011989,0.000196
288.285,0.016985,0.0136953,0.0106501,0.0081924,0.006203,0.0047422,0.0033227,0.0019872,0.0011984,0.0001955
288.968,0.0169866,0.0136948,0.0106508,0.0081922,0.0062033,0.0047421,0.0033234,0.0019875,0.0011978,0.0001949
289.651,0.0169882,0.0136942,0.0106516,0.0081921,0.0062036,0.0047419,0.0033242,0.0019878,0.0011973,0.0001944
290.334,0.0169898,0.0136936,0.0106523,0.008192,0.0062039,0.0047418,0.0033249,0.0019882,0.0011967,0.0001938
291.017,0.0169914,0.0136931,0.0106531,0.0081919,0.0062042,0.0047417,0.0033256,0.0019885,0.0011962,0.0001933
291.701,0.016993,0.0136925,0.0106538,0.0081917,0.0062045,0.0047416,0.0033263,0.0019888,0.0011956,0.0001927
292.384,0.0169945,0.0136919,0.0106546,0.0081916,0.0062048,0.0047415,0.0033271,0.0019891,0.0011951,0.0001922
293.067,0.0169961,0.0136914,0.0106553,0.0081915,0.0062051,0.0047413,0.0033278,0.0019894,0.0011945,0.0001916
293.75,0.0169977,0.0136908,0.010656,0.0081914,0.0062054,0.0047412,0.0033285,0.0019897,0.001194,0.0001911
294.433,0.0169993,0.0136903,0.0106568,0.0081912,0.0062058,0.0047411,0.0033293,0.00199,0.0011934,0.0001905
295.116,0.0170009,0.0136897,0.0106575,0.0081911,0.0062061,0.004741,0.00333,0.0019903,0.0011929,0.00019
295.799,0.0170025,0.0136891,0.0106583,0.008191,0.0062064,0.0047409,0.0033307,0.0019906,0.0011923,0.0001894
296.482,0.0170041,0.0136886,0.010659,0.0081909,0.0062067,0.0047408,0.0033315,0.0019909,0.0011918,0.0001889
297.166,0.0170057,0.013688,0.0106598,0.0081907,0.006207,0.0047406,0.0033322,0.0019912,0.0011912,0.0001883
297.849,0.0170072,0.0136874,0.0106605,0.0081906,0.0062073,0.0047405,0.0033329,0.0019915,0.0011907,0.0001878
298.532,0.0170088,0.0136869,0.0106613,0.0081905,0.0062076,0.0047404,0.0033337,0.0019919,0.0011901,0.0001872
299.215,0.0170104,0.0136863,0.010662,0.0081904,0.0062079,0.0047403,0.0033344,0.0019922,0.0011896,0.0001867
299.898,0.017012,0.0136857,0.0106628,0.0081914,0.0062082,0.0047402,0.0033351,0.0019925,0.001189,0.0001861
300.581,0.0170136,0.0136852,0.0106635,0.0081926,0.0062085,0.00474,0.0033359,0.0019928,0.0011885,0.0001862
301.264,0.0170152,0.0136846,0.0106642,0.0081937,0.0062088,0.0047399,0.0033366,0.0019931,0.0011879,0.000187
301.947,0.0170168,0.013684,0.010665,0.0081949,0.0062091,0.0047398,0.0033373,0.0019934,0.0011874,0.0001877
302.631,0.0170184,0.0136835,0.0106657,0.0081961,0.0062095,0.0047397,0.003338,0.0019937,0.0011868,0.0001885
303.314,0.01702,0.0136829,0.0106665,0.0081972,0.0062098,0.0047396,0.0033388,0.001994,0.0011863,0.0001892
303.997,0.0170215,0.0136823,0.0106672,0.0081984,0.0062101,0.0047395,0.0033395,0.0019943,0.0011857,0.0001899
304.68,0.0170231,0.0136818,0.010668,0.0081996,0.0062104,0.0047393,0.0033402,0.0019946,0.0011852,0.0001907
305.363,0.0170247,0.0136812,0.0106687,0.0082007,0.0062107,0.0047392,0.003341,0.0019949,0.0011846,0.0001914
306.046,0.0170263,0.0136806,0.0106695,0.0082019,0.006211,0.0047391,0.0033417,0.0019952,0.0011841,0.0001921
306.729,0.0170279,0.0136801,0.0106702,0.008203,0.0062113,0.004739,0.0033424,0.0019956,0.0011835,0.0001929
307.412,0.0170295,0.0136795,0.010671,0.0082042,0.0062116,0.0047389,0.0033432,0.0019959,0.001183,0.0001936
308.096,0.0170311,0.0136789,0.0106717,0.0082054,0.0062119,0.0047388,0.0033439,0.0019962,0.0011824,0.0001944
308.779,0.0170327,0.0136784,0.0106724,0.0082065,0.0062122,0.0047386,0.0033446,0.0019965,0.0011819,0.0001951
309.462,0.0170342,0.0136778,0.0106732,0.0082077,0.0062125,0.0047385,0.0033454,0.0019968,0.0011813,0.0001958
310.145,0.0170358,0.0136773,0.0106739,0.0082088,0.0062128,0.0047384,0.0033461,0.0019971,0.0011808,0.0001966
310.828,0.0170374,0.0136767,0.0106747,0.00821,0.0062132,0.0047383,0.0033468,0.0019974,0.0011802,0.0001973
311.511,0.017039,0.0136761,0.0106754,0.0082112,0.0062135,0.0047382,0.0033476,0.0019977,0.0011797,0.0001981
312.194,0.0170406,0.0136756,0.0106762,0.0082123,0.0062138,0.004738,0.0033483,0.001998,0.0011791,0.0001988
312.877,0.0170422,0.013675,0.0106769,0.0082135,0.0062141,0.0047379,0.003349,0.0019983,0.0011786,0.0001995
313.56,0.0170438,0.0136744,0.0106777,0.0082147,0.0062144,0.0047378,0.0033497,0.0019986,0.001178,0.0002003
314.244,0.0170454,0.0136739,0.0106784,0.0082158,0.0062147,0.0047377,0.0033505,0.0019989,0.0011775,0.000201
314.927,0.017047,0.0136733,0.0106791,0.008217,0.006215,0.0047376,0.0033512,0.0019993,0.0011769,0.0002017
315.61,0.0170485,0.0136727,0.0106799,0.0082181,0.0062153,0.0047375,0.0033519,0.0019996,0.0011764,0.0002025
316.293,0.0170501,0.0136722,0.0106806,0.0082193,0.0062156,0.0047373,0.0033527,0.0019999,0.0011758,0.0002032
316.976,0.0170517,0.0136716,0.0106814,0.0082205,0.0062159,0.0047372,0.0033534,0.0020002,0.0011753,0.000204
317.659,0.0170533,0.013671,0.0106821,0.0082216,0.0062162,0.0047371,0.0033541,0.0020005,0.0011747,0.0002047
318.342,0.0170549,0.0136705,0.0106829,0.0082228,0.0062165,0.004737,0.0033549,0.0020008,0.0011742,0.0002054
319.025,0.0170565,0.0136699,0.0106836,0.0082239,0.0062169,0.0047369,0.0033556,0.0020011,0.0011736,0.0002062
319.709,0.0170579,0.0136704,0.0106839,0.0082251,0.0062172,0.0047367,0.0033563,0.0020014,0.0011733,0.0002069
320.392,0.0170586,0.0136712,0.0106842,0.0082263,0.0062175,0.0047369,0.0033556,0.0020013,0.0011736,0.0002076
321.075,0.0170594,0.0136719,0.0106845,0.0082274,0.0062178,0.0047372,0.0033546,0.0020007,0.0011739,0.0002084
321.758,0.0170601,0.0136727,0.0106848,0.0082286,0.0062181,0.0047375,0.0033536,0.0020002,0.0011742,0.0002091
322.441,0.0170609,0.0136734,0.0106851,0.0082298,0.0062184,0.0047378,0.0033526,0.0019996,0.0011745,0.0002099
323.124,0.0170616,0.0136741,0.0106854,0.0082309,0.0062187,0.0047382,0.0033517,0.0019991,0.0011748,0.0002106
323.807,0.0170623,0.0136749,0.0106857,0.0082321,0.006219,0.0047385,0.0033507,0.0019985,0.0011751,0.0002113
324.49,0.0170631,0.0136756,0.0106861,0.0082332,0.0062193,0.0047388,0.0033497,0.001998,0.0011754,0.0002121
325.174,0.0170638,0.0136763,0.0106864,0.0082344,0.0062196,0.0047391,0.0033487,0.0019974,0.0011757,0.0002128
325.857,0.0170646,0.0136771,0.0106867,0.0082356,0.0062199,0.0047394,0.0033477,0.0019969,0.001176,0.0002136
326.54,0.0170653,0.0136778,0.010687,0.0082367,0.0062202,0.0047397,0.0033467,0.0019963,0.0011764,0.0002143
327.223,0.0170661,0.0136786,0.0106873,0.0082379,0.0062206,0.00474,0.0033457,0.0019958,0.0011767,0.000215
327.906,0.0170668,0.0136793,0.0106876,0.008239,0.0062209,0.0047403,0.0033447,0.0019952,0.001177,0.0002158
328.589,0.0170676,0.01368,0.0106879,0.0082402,0.0062212,0.0047406,0.0033437,0.0019947,0.0011773,0.0002165
329.272,0.0170683,0.0136808,0.0106882,0.0082414,0.0062215,0.0047409,0.0033427,0.0019941,0.0011776,0.0002172
329.955,0.0170691,0.0136815,0.0106885,0.0082425,0.0062218,0.0047412,0.0033418,0.0019936,0.0011779,0.000218
330.639,0.0170698,0.0136823,0.0106888,0.0082437,0.0062221,0.0047415,0.0033408,0.001993,0.0011782,0.0002187
331.322,0.0170705,0.013683,0.0106891,0.0082449,0.0062224,0.0047419,0.0033398,0.0019925,0.0011785,0.0002195
332.005,0.0170713,0.0136837,0.0106894,0.008246,0.0062227,0.0047422,0.0033388,0.0019919,0.0011788,0.0002202
332.688,0.017072,0.0136845,0.0106898,0.0082472,0.006223,0.0047425,0.0033378,0.0019914,0.0011791,0.0002209
333.371,0.0170728,0.0136852,0.0106901,0.0082483,0.0062233,0.0047428,0.0033368,0.0019908,0.0011794,0.0002217
334.054,0.0170735,0.0136859,0.0106904,0.0082495,0.0062236,0.0047431,0.0033358,0.0019903,0.0011798,0.0002224
334.737,0.0170743,0.0136867,0.0106907,0.0082507,0.0062239,0.0047434,0.0033348,0.0019897,0.0011801,0.0002231
335.42,0.017075,0.0136874,0.010691,0.0082518,0.0062243,0.0047437,0.0033338,0.0019892,0.0011804,0.0002239
336.103,0.0170758,0.0136882,0.0106913,0.008253,0.0062246,0.004744,0.0033328,0.0019886,0.0011807,0.0002246
336.787,0.0170765,0.0136889,0.0106916,0.0082541,0.0062249,0.0047443,0.0033319,0.0019881,0.001181,0.0002254
337.47,0.0170772,0.0136896,0.0106919,0.0082553,0.0062252,0.0047446,0.0033309,0.0019875,0.0011813,0.0002261
338.153,0.017078,0.0136904,0.0106922,0.0082565,0.0062255,0.0047449,0.0033299,0.001987,0.0011816,0.0002268
338.836,0.0170787,0.0136911,0.0106925,0.0082576,0.0062258,0.0047452,0.0033289,0.0019864,0.0011819,0.0002276
339.519,0.0170795,0.0136918,0.0106928,0.0082587,0.0062261,0.0047456,0.0033279,0.0019859,0.0011822,0.0002283
340.202,0.0170802,0.0136926,0.0106931,0.0082586,0.0062264,0.0047459,0.0033269,0.0019853,0.0011825,0.0002289
340.885,0.017081,0.0136933,0.0106935,0.0082584,0.0062262,0.0047462,0.0033259,0.0019848,0.0011828,0.0002288
341.568,0.0170817,0.0136941,0.0106938,0.0082583,0.0062261,0.0047465,0.0033249,0.0019842,0.0011831,0.0002287
342.252,0.0170825,0.0136948,0.0106941,0.0082582,0.006226,0.0047468,0.0033239,0.0019837,0.0011835,0.0002286
342.935,0.0170832,0.0136955,0.0106944,0.0082581,0.0062259,0.0047471,0.0033229,0.0019831,0.0011838,0.0002284
343.618,0.017084,0.0136963,0.0106947,0.008258,0.0062257,0.0047474,0.0033219,0.0019826,0.0011841,0.0002283
344.301,0.0170847,0.013697,0.010695,0.0082579,0.0062256,0.0047477,0.003321,0.001982,0.0011844,0.0002282
344.984,0.0170854,0.0136978,0.0106953,0.0082577,0.0062255,0.004748,0.00332,0.0019815,0.0011847,0.0002281
345.667,0.0170862,0.0136985,0.0106956,0.0082576,0.0062254,0.0047483,0.003319,0.0019809,0.001185,0.000228
346.35,0.0170869,0.0136992,0.0106959,0.0082575,0.0062252,0.0047486,0.003318,0.0019804,0.0011853,0.0002278
347.033,0.0170877,0.0137,0.0106962,0.0082574,0.0062251,0.0047489,0.003317,0.0019798,0.0011856,0.0002277
347.717,0.0170884,0.0137007,0.0106965,0.0082573,0.006225,0.0047493,0.003316,0.0019793,0.0011859,0.0002276
348.4,0.0170892,0.0137014,0.0106968,0.0082571,0.0062249,0.0047496,0.003315,0.0019787,0.0011862,0.0002275
349.083,0.0170899,0.0137022,0.0106972,0.008257,0.0062247,0.0047499,0.003314,0.0019782,0.0011865,0.0002274
349.766,0.0170907,0.0137029,0.0106975,0.0082569,0.0062246,0.0047502,0.003313,0.0019776,0.0011868,0.0002272
350.449,0.0170914,0.0137037,0.0106978,0.0082568,0.0062245,0.0047505,0.003312,0.001977,0.0011872,0.0002271
351.132,0.0170922,0.0137044,0.0106981,0.0082567,0.0062244,0.0047508,0.0033111,0.0019765,0.0011875,0.000227
351.815,0.0170929,0.0137051,0.0106984,0.0082566,0.0062242,0.0047511,0.0033101,0.0019759,0.0011878,0.0002269
352.498,0.0170936,0.0137059,0.0106987,0.0082564,0.0062241,0.0047514,0.0033091,0.0019754,0.0011881,0.0002267
353.181,0.0170944,0.0137066,0.010699,0.0082563,0.006224,0.0047517,0.0033081,0.0019748,0.0011884,0.0002266
353.865,0.0170951,0.0137074,0.0106993,0.0082562,0.0062239,0.004752,0.0033071,0.0019743,0.0011887,0.0002265
354.548,0.0170959,0.0137081,0.0106996,0.0082561,0.0062237,0.0047523,0.0033061,0.0019737,0.001189,0.0002264
355.231,0.0170966,0.0137088,0.0106999,0.008256,0.0062236,0.0047526,0.0033051,0.0019732,0.0011893,0.0002263
355.914,0.0170974,0.0137096,0.0107002,0.0082558,0.0062235,0.004753,0.0033041,0.0019726,0.0011896,0.0002261
356.597,0.0170981,0.0137103,0.0107005,0.0082557,0.0062234,0.0047533,0.0033031,0.0019721,0.0011899,0.000226
357.28,0.0170989,0.013711,0.0107009,0.0082556,0.0062232,0.0047536,0.0033021,0.0019715,0.0011902,0.0002259
357.963,0.0170996,0.0137118,0.0107012,0.0082555,0.0062231,0.0047539,0.0033012,0.001971,0.0011905,0.0002258
358.646,0.0171004,0.0137125,0.0107015,0.0082554,0.006223,0.0047542,0.0033002,0.0019704,0.0011909,0.0002257
359.33,0.0171004,0.0137128,0.0107018,0.0082553,0.0062229,0.0047545,0.0032992,0.0019699,0.0011912,0.0002255
360.013,0.0171003,0.0137125,0.0107022,0.0082551,0.0062227,0.0047538,0.0033001,0.0019697,0.0011915,0.0002254
360.696,0.0171002,0.0137123,0.010703,0.008255,0.0062226,0.0047529,0.0033013,0.0019717,0.0011922,0.0002253
361.379,0.0171001,0.013712,0.0107037,0.0082549,0.0062225,0.0047519,0.0033024,0.0019737,0.0011934,0.0002252
362.062,0.0171,0.0137117,0.0107045,0.0082548,0.0062224,0.0047509,0.0033036,0.0019758,0.0011945,0.000225
362.745,0.0170999,0.0137114,0.0107052,0.0082547,0.0062222,0.00475,0.0033047,0.0019778,0.0011957,0.0002249
363.428,0.0170998,0.0137112,0.0107059,0.0082545,0.0062221,0.004749,0.0033058,0.0019799,0.0011969,0.0002248
364.111,0.0170996,0.0137109,0.0107067,0.0082544,0.006222,0.0047481,0.003307,0.0019819,0.0011981,0.0002247
364.795,0.0170995,0.0137106,0.0107074,0.0082543,0.0062219,0.0047471,0.0033081,0.001984,0.0011992,0.0002246
365.478,0.0170994,0.0137104,0.0107082,0.0082542,0.0062217,0.0047461,0.0033093,0.001986,0.0012004,0.0002244
366.161,0.0170993,0.0137101,0.0107089,0.0082541,0.0062216,0.0047452,0.0033104,0.001988,0.0012016,0.0002243
366.844,0.0170992,0.0137098,0.0107097,0.008254,0.0062215,0.0047442,0.0033116,0.0019901,0.0012028,0.0002242
367.527,0.0170991,0.0137096,0.0107104,0.0082538,0.0062214,0.0047433,0.0033127,0.0019921,0.0012039,0.0002241
368.21,0.017099,0.0137093,0.0107112,0.0082537,0.0062212,0.0047423,0.0033139,0.0019942,0.0012051,0.000224
368.893,0.0170989,0.013709,0.0107119,0.0082536,0.0062211,0.0047413,0.003315,0.0019962,0.0012063,0.0002238
369.576,0.0170988,0.0137088,0.0107127,0.0082535,0.006221,0.0047404,0.0033162,0.0019982,0.0012075,0.0002237
370.26,0.0170986,0.0137085,0.0107134,0.0082534,0.0062209,0.0047394,0.0033173,0.0020003,0.0012086,0.0002236
370.943,0.0170985,0.0137082,0.0107141,0.0082532,0.0062207,0.0047385,0.0033185,0.0020023,0.0012098,0.0002235
371.626,0.0170984,0.0137079,0.0107149,0.0082531,0.0062206,0.0047375,0.0033196,0.0020044,0.001211,0.0002234
372.309,0.0170983,0.0137077,0.0107156,0.008253,0.0062205,0.0047365,0.0033208,0.0020064,0.0012122,0.0002232
372.992,0.0170982,0.0137074,0.0107164,0.0082529,0.0062204,0.0047356,0.0033219,0.0020084,0.0012133,0.0002231
373.675,0.0170981,0.0137071,0.0107171,0.0082528,0.0062202,0.0047346,0.0033231,0.0020105,0.0012145,0.000223
374.358,0.017098,0.0137069,0.0107179,0.0082527,0.0062201,0.0047337,0.0033242,0.0020125,0.0012157,0.0002229
375.041,0.0170979,0.0137066,0.0107186,0.0082525,0.00622,0.0047327,0.0033254,0.0020146,0.0012169,0.0002227
375.724,0.0170977,0.0137063,0.0107194,0.0082524,0.0062199,0.0047317,0.0033265,0.0020166,0.001218,0.0002226
376.408,0.0170976,0.0137061,0.0107201,0.0082523,0.0062197,0.0047308,0.0033276,0.0020187,0.0012192,0.0002225
377.091,0.0170975,0.0137058,0.0107209,0.0082522,0.0062196,0.0047298,0.0033288,0.0020207,0.0012204,0.0002224
377.774,0.0170974,0.0137055,0.0107216,0.0082521,0.0062195,0.0047289,0.0033299,0.0020227,0.0012216,0.0002223
378.457,0.0170973,0.0137053,0.0107223,0.008252,0.0062194,0.0047279,0.0033311,0.0020248,0.0012227,0.0002221
379.14,0.0170972,0.013705,0.0107231,0.0082518,0.0062192,0.0047269,0.0033322,0.0020268,0.0012239,0.000222
379.823,0.0170971,0.0137047,0.0107238,0.0082517,0.0062194,0.004726,0.0033334,0.0020289,0.0012251,0.0002219
380.506,0.017097,0.0137044,0.0107246,0.0082516,0.0062206,0.004725,0.0033345,0.0020309,0.0012263,0.0002218
381.189,0.0170969,0.0137042,0.0107253,0.0082515,0.0062217,0.0047241,0.0033357,0.0020329,0.0012274,0.0002217
381.873,0.0170967,0.0137039,0.0107261,0.0082513,0.0062229,0.0047231,0.0033368,0.002035,0.0012286,0.0002215
382.556,0.0170966,0.0137036,0.0107268,0.0082512,0.0062241,0.0047221,0.003338,0.002037,0.0012298,0.0002214
383.239,0.0170965,0.0137034,0.0107276,0.0082511,0.0062252,0.0047212,0.0033391,0.0020391,0.001231,0.0002213
383.922,0.0170964,0.0137031,0.0107283,0.008251,0.0062264,0.0047202,0.0033403,0.0020411,0.0012321,0.0002212
384.605,0.0170963,0.0137028,0.010729,0.0082508,0.0062276,0.0047193,0.0033414,0.0020431,0.0012333,0.0002211
385.288,0.0170962,0.0137026,0.0107298,0.0082507,0.0062287,0.0047183,0.0033426,0.0020452,0.0012345,0.000221
385.971,0.0170961,0.0137023,0.0107305,0.0082506,0.0062299,0.0047173,0.0033437,0.0020472,0.0012357,0.0002208
386.654,0.017096,0.013702,0.0107313,0.0082505,0.0062311,0.0047164,0.0033449,0.0020493,0.0012368,0.0002207
387.338,0.0170959,0.0137017,0.010732,0.0082503,0.0062322,0.0047154,0.003346,0.0020513,0.001238,0.0002206
388.021,0.0170957,0.0137015,0.0107328,0.0082502,0.0062334,0.0047145,0.0033472,0.0020534,0.0012392,0.0002205
388.704,0.0170956,0.0137012,0.0107335,0.0082501,0.0062346,0.0047135,0.0033483,0.0020554,0.0012403,0.0002204
389.387,0.0170955,0.0137009,0.0107343,0.00825,0.0062357,0.0047125,0.0033495,0.0020574,0.0012415,0.0002203
390.07,0.0170954,0.0137007,0.010735,0.0082498,0.0062369,0.0047116,0.0033506,0.0020595,0.0012427,0.0002201
390.753,0.0170953,0.0137004,0.0107358,0.0082497,0.0062381,0.0047106,0.0033517,0.0020615,0.0012439,0.00022
391.436,0.0170952,0.0137001,0.0107365,0.0082496,0.0062393,0.0047097,0.0033529,0.0020636,0.001245,0.0002199
392.119,0.0170951,0.0136999,0.0107372,0.0082495,0.0062404,0.0047087,0.003354,0.0020656,0.0012462,0.0002198
392.803,0.017095,0.0136996,0.010738,0.0082493,0.0062416,0.0047077,0.0033552,0.0020676,0.0012474,0.0002197
393.486,0.0170949,0.0136993,0.0107387,0.0082492,0.0062428,0.0047068,0.0033563,0.0020697,0.0012486,0.0002195
394.169,0.0170947,0.0136991,0.0107395,0.0082491,0.0062439,0.0047058,0.0033575,0.0020717,0.0012497,0.0002194
394.852,0.0170946,0.0136988,0.0107402,0.008249,0.0062451,0.0047049,0.0033586,0.0020738,0.0012509,0.0002193
395.535,0.0170945,0.0136985,0.010741,0.0082488,0.0062463,0.0047039,0.0033598,0.0020758,0.0012521,0.0002192
396.218,0.0170944,0.0136982,0.0107417,0.0082487,0.0062474,0.0047029,0.0033609,0.0020778,0.0012533,0.0002191
396.901,0.0170943,0.013698,0.0107425,0.0082486,0.0062486,0.004702,0.0033621,0.0020799,0.0012544,0.000219
397.584,0.0170942,0.0136977,0.0107432,0.0082485,0.0062498,0.004701,0.0033632,0.0020819,0.0012556,0.0002188
398.267,0.0170941,0.0136974,0.010744,0.0082483,0.0062509,0.0047001,0.0033644,0.002084,0.0012568,0.0002187
398.951,0.017094,0.0136972,0.0107447,0.0082482,0.0062521,0.0046991,0.0033655,0.002086,0.001258,0.0002186
399.634,0.0170939,0.0136969,0.0107443,0.0082481,0.0062533,0.0046981,0.0033667,0.0020875,0.0012591,0.0002185
400.317,0.0170937,0.0136966,0.0107438,0.008248,0.0062544,0.0046979,0.0033676,0.0020869,0.0012591,0.0002184
401,0.0170936,0.0136964,0.0107432,0.0082478,0.0062556,0.0046987,0.003367,0.0020864,0.0012581,0.0002182
401.683,0.0170935,0.0136961,0.0107426,0.0082477,0.0062568,0.0046994,0.0033665,0.0020858,0.0012572,0.0002181
402.366,0.0170934,0.0136958,0.0107421,0.0082476,0.0062579,0.0047001,0.0033659,0.0020853,0.0012562,0.000218
403.049,0.0170933,0.0136956,0.0107415,0.0082475,0.0062591,0.0047009,0.0033654,0.0020848,0.0012552,0.0002179
403.732,0.0170932,0.0136953,0.0107409,0.0082473,0.0062603,0.0047016,0.0033648,0.0020842,0.0012542,0.0002178
404.416,0.0170931,0.013695,0.0107404,0.0082472,0.0062615,0.0047024,0.0033643,0.0020837,0.0012533,0.0002177
405.099,0.017093,0.0136947,0.0107398,0.0082471,0.0062626,0.0047031,0.0033637,0.0020832,0.0012523,0.0002175
405.782,0.0170928,0.0136945,0.0107392,0.008247,0.0062638,0.0047038,0.0033632,0.0020826,0.0012513,0.0002174
406.465,0.0170927,0.0136942,0.0107387,0.0082468,0.006265,0.0047046,0.0033626,0.0020821,0.0012504,0.0002173
407.148,0.0170926,0.0136939,0.0107381,0.0082467,0.0062661,0.0047053,0.0033621,0.0020816,0.0012494,0.0002172
407.831,0.0170925,0.0136937,0.0107375,0.0082466,0.0062673,0.0047061,0.0033615,0.002081,0.0012484,0.0002171
408.514,0.0170924,0.0136934,0.010737,0.0082465,0.0062685,0.0047068,0.003361,0.0020805,0.0012475,0.000217
409.197,0.0170923,0.0136931,0.0107364,0.0082463,0.0062696,0.0047076,0.0033604,0.0020799,0.0012465,0.0002168
409.881,0.0170922,0.0136929,0.0107359,0.0082462,0.0062708,0.0047083,0.0033599,0.0020794,0.0012455,0.0002167
410.564,0.0170921,0.0136926,0.0107353,0.0082461,0.006272,0.004709,0.0033593,0.0020789,0.0012445,0.0002166
411.247,0.017092,0.0136923,0.0107347,0.008246,0.0062731,0.0047098,0.0033588,0.0020783,0.0012436,0.0002165
411.93,0.0170918,0.0136921,0.0107342,0.0082458,0.0062743,0.0047105,0.0033582,0.0020778,0.0012426,0.0002164
412.613,0.0170917,0.0136918,0.0107336,0.0082457,0.0062755,0.0047113,0.0033577,0.0020773,0.0012416,0.0002162
413.296,0.0170916,0.0136915,0.010733,0.0082456,0.0062766,0.004712,0.0033571,0.0020767,0.0012407,0.0002161
413.979,0.0170915,0.0136912,0.0107325,0.0082455,0.0062778,0.0047127,0.0033566,0.0020762,0.0012397,0.000216
414.662,0.0170914,0.013691,0.0107319,0.0082453,0.006279,0.0047135,0.003356,0.0020756,0.0012387,0.0002159
415.345,0.0170913,0.0136907,0.0107313,0.0082452,0.0062801,0.0047142,0.0033555,0.0020751,0.0012378,0.0002158
416.029,0.0170912,0.0136904,0.0107308,0.0082451,0.0062813,0.004715,0.0033549,0.0020746,0.0012368,0.0002157
416.712,0.0170911,0.0136902,0.0107302,0.008245,0.0062825,0.0047157,0.0033544,0.002074,0.0012358,0.0002155
417.395,0.017091,0.0136899,0.0107296,0.0082448,0.0062836,0.0047165,0.0033538,0.0020735,0.0012348,0.0002154
418.078,0.0170908,0.0136896,0.0107291,0.0082447,0.0062848,0.0047172,0.0033533,0.002073,0.0012339,0.0002153
418.761,0.0170907,0.0136894,0.0107285,0.0082446,0.006286,0.0047179,0.0033527,0.0020724,0.0012329,0.0002152
419.444,0.0170906,0.0136891,0.0107279,0.0082446,0.0062872,0.0047187,0.0033522,0.0020719,0.0012319,0.0002151
420.127,0.0170905,0.0136888,0.0107274,0.0082449,0.0062865,0.0047194,0.0033516,0.0020713,0.001231,0.000215
420.81,0.0170904,0.0136886,0.0107268,0.0082452,0.0062855,0.0047202,0.0033511,0.0020708,0.00123,0.0002152
421.494,0.0170903,0.0136883,0.0107262,0.0082455,0.0062845,0.0047209,0.0033505,0.0020703,0.001229,0.0002155
422.177,0.0170902,0.013688,0.0107257,0.0082458,0.0062836,0.0047216,0.00335,0.0020697,0.0012281,0.0002158
422.86,0.0170901,0.0136877,0.0107251,0.0082461,0.0062826,0.0047224,0.0033494,0.0020692,0.0012271,0.0002161
423.543,0.01709,0.0136875,0.0107245,0.0082465,0.0062816,0.0047231,0.0033489,0.0020687,0.0012261,0.0002165
424.226,0.0170898,0.0136872,0.010724,0.0082468,0.0062806,0.0047239,0.0033483,0.0020681,0.0012251,0.0002168
424.909,0.0170897,0.0136869,0.0107234,0.0082471,0.0062796,0.0047246,0.0033478,0.0020676,0.0012242,0.0002171
425.592,0.0170896,0.0136867,0.0107229,0.0082474,0.0062786,0.0047254,0.0033472,0.002067,0.0012232,0.0002174
426.275,0.0170895,0.0136864,0.0107223,0.0082477,0.0062777,0.0047261,0.0033467,0.0020665,0.0012222,0.0002177
426.959,0.0170894,0.0136861,0.0107217,0.008248,0.0062767,0.0047268,0.0033461,0.002066,0.0012213,0.000218
427.642,0.0170893,0.0136859,0.0107212,0.0082483,0.0062757,0.0047276,0.0033456,0.0020654,0.0012203,0.0002183
428.325,0.0170892,0.0136856,0.0107206,0.0082486,0.0062747,0.0047283,0.003345,0.0020649,0.0012193,0.0002186
429.008,0.0170891,0.0136853,0.01072,0.0082489,0.0062737,0.0047291,0.0033445,0.0020644,0.0012184,0.0002189
429.691,0.017089,0.0136851,0.0107195,0.0082492,0.0062728,0.0047298,0.0033439,0.0020638,0.0012174,0.0002192
430.374,0.0170888,0.0136848,0.0107189,0.0082495,0.0062718,0.0047305,0.0033434,0.0020633,0.0012164,0.0002195
431.057,0.0170887,0.0136845,0.0107183,0.0082498,0.0062708,0.0047313,0.0033428,0.0020628,0.0012155,0.0002198
431.74,0.0170886,0.0136842,0.0107178,0.0082502,0.0062698,0.004732,0.0033423,0.0020622,0.0012145,0.0002202
432.424,0.0170885,0.013684,0.0107172,0.0082505,0.0062688,0.0047328,0.0033417,0.0020617,0.0012135,0.0002205
433.107,0.0170884,0.0136837,0.0107166,0.0082508,0.0062679,0.0047335,0.0033412,0.0020611,0.0012125,0.0002208
433.79,0.0170883,0.0136834,0.0107161,0.0082511,0.0062669,0.0047343,0.0033406,0.0020606,0.0012116,0.0002211
434.473,0.0170882,0.0136832,0.0107155,0.0082514,0.0062659,0.004735,0.0033401,0.0020601,0.0012106,0.0002214
435.156,0.0170881,0.0136829,0.0107149,0.0082517,0.0062649,0.0047357,0.0033395,0.0020595,0.0012096,0.0002217
435.839,0.0170879,0.0136826,0.0107144,0.008252,0.0062639,0.0047365,0.003339,0.002059,0.0012087,0.000222
436.522,0.0170878,0.0136824,0.0107138,0.0082523,0.006263,0.0047372,0.0033384,0.0020585,0.0012077,0.0002223
437.205,0.0170877,0.0136821,0.0107132,0.0082526,0.006262,0.004738,0.0033379,0.0020579,0.0012067,0.0002226
437.888,0.0170876,0.0136818,0.0107127,0.0082529,0.006261,0.0047387,0.0033373,0.0020574,0.0012058,0.0002229
438.572,0.0170875,0.0136816,0.0107121,0.0082532,0.00626,0.0047394,0.0033368,0.0020568,0.0012048,0.0002232
439.255,0.0170874,0.0136813,0.0107115,0.0082535,0.006259,0.0047402,0.0033362,0.0020563,0.0012038,0.0002235
439.938,0.0170873,0.013681,0.010711,0.0082539,0.0062581,0.004741,0.0033357,0.0020558,0.0012028,0.0002239
440.621,0.0170872,0.0136807,0.0107104,0.0082542,0.0062571,0.0047419,0.0033357,0.002056,0.0012047,0.0002242
441.304,0.0170871,0.0136805,0.0107099,0.0082545,0.0062561,0.0047428,0.003336,0.0020563,0.0012077,0.0002245
441.987,0.0170869,0.0136802,0.0107093,0.0082548,0.0062551,0.0047437,0.0033364,0.0020566,0.0012107,0.0002248
442.67,0.0170868,0.0136799,0.0107087,0.0082551,0.0062541,0.0047445,0.0033367,0.0020569,0.0012137,0.0002251
443.353,0.0170867,0.0136797,0.0107082,0.0082554,0.0062531,0.0047454,0.003337,0.0020572,0.0012167,0.0002254
444.037,0.0170866,0.0136794,0.0107076,0.0082557,0.0062522,0.0047463,0.0033373,0.0020575,0.0012197,0.0002257
444.72,0.0170865,0.0136791,0.010707,0.008256,0.0062512,0.0047472,0.0033376,0.0020578,0.0012226,0.000226
445.403,0.0170864,0.0136789,0.0107065,0.0082563,0.0062502,0.0047481,0.0033379,0.0020582,0.0012256,0.0002263
446.086,0.0170863,0.0136786,0.0107059,0.0082566,0.0062492,0.004749,0.0033382,0.0020585,0.0012286,0.0002266
446.769,0.0170862,0.0136783,0.0107053,0.0082569,0.0062482,0.0047499,0.0033385,0.0020588,0.0012316,0.0002269
447.452,0.0170861,0.013678,0.0107048,0.0082572,0.0062473,0.0047507,0.0033388,0.0020591,0.0012346,0.0002272
448.135,0.0170859,0.0136778,0.0107042,0.0082576,0.0062463,0.0047516,0.0033391,0.0020594,0.0012376,0.0002276
448.818,0.0170858,0.0136775,0.0107036,0.0082579,0.0062453,0.0047525,0.0033394,0.0020597,0.0012406,0.0002279
449.502,0.0170857,0.0136772,0.0107031,0.0082582,0.0062443,0.0047534,0.0033397,0.00206,0.0012436,0.0002282
450.185,0.0170856,0.013677,0.0107025,0.0082585,0.0062433,0.0047543,0.0033401,0.0020603,0.0012466,0.0002285
450.868,0.0170855,0.0136767,0.0107019,0.0082588,0.0062424,0.0047552,0.0033404,0.0020606,0.0012496,0.0002288
451.551,0.0170854,0.0136764,0.0107014,0.0082591,0.0062414,0.0047561,0.0033407,0.0020609,0.0012526,0.0002291
452.234,0.0170853,0.0136762,0.0107008,0.0082594,0.0062404,0.004757,0.003341,0.0020612,0.0012556,0.0002294
452.917,0.0170852,0.0136759,0.0107002,0.0082597,0.0062394,0.0047578,0.0033413,0.0020615,0.0012586,0.0002297
453.6,0.0170851,0.0136756,0.0106997,0.00826,0.0062384,0.0047587,0.0033416,0.0020619,0.0012616,0.00023
454.283,0.0170849,0.0136754,0.0106991,0.0082603,0.0062375,0.0047596,0.0033419,0.0020622,0.0012646,0.0002303
454.967,0.0170848,0.0136751,0.0106986,0.0082606,0.0062365,0.0047605,0.0033422,0.0020625,0.0012676,0.0002306
455.65,0.0170847,0.0136748,0.010698,0.0082609,0.0062355,0.0047614,0.0033425,0.0020628,0.0012706,0.0002309
456.333,0.0170846,0.0136745,0.0106974,0.0082613,0.0062345,0.0047623,0.0033428,0.0020631,0.0012736,0.0002313
457.016,0.0170845,0.0136743,0.0106969,0.0082616,0.0062335,0.0047632,0.0033431,0.0020634,0.0012766,0.0002316
457.699,0.0170844,0.013674,0.0106963,0.0082619,0.0062326,0.004764,0.0033435,0.0020637,0.0012795,0.0002319
458.382,0.0170843,0.0136737,0.0106957,0.0082622,0.0062316,0.0047649,0.0033438,0.002064,0.0012825,0.0002322
459.065,0.0170842,0.0136735,0.0106952,0.0082625,0.0062306,0.0047658,0.0033441,0.0020643,0.0012855,0.0002325
459.748,0.0170841,0.0136732,0.0106946,0.0082628,0.0062296,0.0047667,0.0033444,0.0020646,0.0012859,0.0002328
460.431,0.0170839,0.0136729,0.010694,0.0082631,0.0062286,0.0047676,0.0033447,0.0020649,0.0012852,0.000234
461.115,0.0170838,0.0136727,0.0106935,0.0082634,0.0062276,0.0047685,0.003345,0.0020652,0.0012844,0.0002352
461.798,0.0170837,0.0136724,0.0106929,0.0082637,0.0062267,0.0047694,0.0033453,0.0020656,0.0012837,0.0002365
462.481,0.0170836,0.0136721,0.0106923,0.008264,0.0062257,0.0047702,0.0033456,0.0020659,0.0012829,0.0002377
463.164,0.0170835,0.0136719,0.0106918,0.0082643,0.0062247,0.0047711,0.0033459,0.0020662,0.0012822,0.0002389
463.847,0.0170834,0.0136716,0.0106912,0.0082646,0.0062237,0.004772,0.0033462,0.0020665,0.0012815,0.0002401
464.53,0.0170833,0.0136713,0.0106906,0.008265,0.0062227,0.0047729,0.0033465,0.0020668,0.0012807,0.0002414
465.213,0.0170832,0.013671,0.0106901,0.0082653,0.0062218,0.0047738,0.0033468,0.0020671,0.00128,0.0002426
465.896,0.017083,0.0136708,0.0106895,0.0082656,0.0062208,0.0047747,0.0033472,0.0020674,0.0012792,0.0002438
466.58,0.0170829,0.0136705,0.0106889,0.0082659,0.0062198,0.0047756,0.0033475,0.0020677,0.0012785,0.000245
467.263,0.0170828,0.0136702,0.0106884,0.0082662,0.0062188,0.0047764,0.0033478,0.002068,0.0012777,0.0002463
467.946,0.0170827,0.01367,0.0106878,0.0082665,0.0062178,0.0047773,0.0033481,0.0020683,0.001277,0.0002475
468.629,0.0170826,0.0136697,0.0106872,0.0082668,0.0062169,0.0047782,0.0033484,0.0020686,0.0012762,0.0002487
469.312,0.0170825,0.0136694,0.0106867,0.0082671,0.0062159,0.0047791,0.0033487,0.0020689,0.0012755,0.00025
469.995,0.0170824,0.0136692,0.0106861,0.0082674,0.0062149,0.00478,0.003349,0.0020693,0.0012748,0.0002512
470.678,0.0170823,0.0136689,0.0106856,0.0082677,0.0062139,0.0047809,0.0033493,0.0020696,0.001274,0.0002524
471.361,0.0170822,0.0136686,0.010685,0.008268,0.0062129,0.0047818,0.0033496,0.0020699,0.0012733,0.0002536
472.045,0.017082,0.0136684,0.0106844,0.0082683,0.006212,0.0047827,0.0033499,0.0020702,0.0012725,0.0002549
472.728,0.0170819,0.0136681,0.0106839,0.0082687,0.006211,0.0047835,0.0033502,0.0020705,0.0012718,0.0002561
473.411,0.0170818,0.0136678,0.0106833,0.008269,0.00621,0.0047844,0.0033505,0.0020708,0.001271,0.0002573
474.094,0.0170817,0.0136675,0.0106827,0.0082693,0.006209,0.0047853,0.0033509,0.0020711,0.0012703,0.0002585
474.777,0.0170816,0.0136673,0.0106822,0.0082696,0.006208,0.0047862,0.0033512,0.0020714,0.0012695,0.0002598
475.46,0.0170815,0.013667,0.0106816,0.0082699,0.006207,0.0047871,0.0033515,0.0020717,0.0012688,0.000261
476.143,0.0170814,0.0136667,0.010681,0.0082702,0.0062061,0.004788,0.0033518,0.002072,0.0012681,0.0002622
476.826,0.0170813,0.0136665,0.0106805,0.0082705,0.0062051,0.0047889,0.0033521,0.0020723,0.0012673,0.0002634
477.509,0.0170812,0.0136662,0.0106799,0.0082708,0.0062041,0.0047897,0.0033524,0.0020727,0.0012666,0.0002647
478.193,0.017081,0.0136659,0.0106793,0.0082711,0.0062031,0.0047906,0.0033527,0.002073,0.0012658,0.0002659
478.876,0.0170809,0.0136657,0.0106788,0.0082714,0.0062021,0.0047915,0.003353,0.0020733,0.0012651,0.0002671
479.559,0.0170808,0.0136654,0.0106782,0.0082717,0.0062012,0.0047924,0.0033533,0.0020736,0.0012643,0.0002683
480.242,0.0170807,0.0136651,0.0106776,0.008272,0.0062002,0.0047933,0.0033536,0.0020739,0.0012636,0.0002696
480.925,0.0170806,0.0136649,0.0106771,0.0082724,0.0061992,0.0047942,0.0033539,0.0020742,0.0012628,0.0002708
481.608,0.0170805,0.0136646,0.0106765,0.0082727,0.0061982,0.0047951,0.0033542,0.0020745,0.0012621,0.000272
482.291,0.0170804,0.0136643,0.0106759,0.008273,0.0061972,0.0047959,0.0033546,0.0020748,0.0012614,0.0002733
482.974,0.0170803,0.013664,0.0106754,0.0082733,0.0061963,0.0047968,0.0033549,0.0020751,0.0012606,0.0002745
483.658,0.0170802,0.0136638,0.0106748,0.0082736,0.0061953,0.0047977,0.0033552,0.0020754,0.0012599,0.0002757
484.341,0.01708,0.0136635,0.0106742,0.0082739,0.0061943,0.0047986,0.0033555,0.0020757,0.0012591,0.0002769
485.024,0.0170799,0.0136632,0.0106737,0.0082742,0.0061933,0.0047995,0.0033558,0.002076,0.0012584,0.0002782
485.707,0.0170798,0.013663,0.0106731,0.0082745,0.0061923,0.0048004,0.0033561,0.0020764,0.0012576,0.0002794
486.39,0.0170797,0.0136627,0.0106726,0.0082748,0.0061914,0.0048013,0.0033564,0.0020767,0.0012569,0.0002806
487.073,0.0170796,0.0136624,0.010672,0.0082751,0.0061904,0.0048021,0.0033567,0.002077,0.0012561,0.0002818
487.756,0.0170795,0.0136622,0.0106714,0.0082754,0.0061894,0.004803,0.003357,0.0020773,0.0012554,0.0002831
488.439,0.0170794,0.0136619,0.0106709,0.0082757,0.0061884,0.0048039,0.0033573,0.0020776,0.0012547,0.0002843
489.123,0.0170793,0.0136616,0.0106703,0.0082761,0.0061874,0.0048048,0.0033576,0.0020779,0.0012539,0.0002855
489.806,0.0170792,0.0136614,0.0106697,0.0082764,0.0061865,0.0048057,0.0033579,0.0020782,0.0012532,0.0002867
490.489,0.017079,0.0136611,0.0106692,0.0082767,0.0061855,0.0048066,0.0033583,0.0020785,0.0012524,0.000288
491.172,0.0170789,0.0136608,0.0106686,0.008277,0.0061845,0.0048075,0.0033586,0.0020788,0.0012517,0.0002892
491.855,0.0170788,0.0136605,0.010668,0.0082773,0.0061835,0.0048084,0.0033589,0.0020791,0.0012509,0.0002904
492.538,0.0170787,0.0136603,0.0106675,0.0082776,0.0061825,0.0048092,0.0033592,0.0020794,0.0012502,0.0002917
493.221,0.0170786,0.01366,0.0106669,0.0082779,0.0061815,0.0048101,0.0033595,0.0020797,0.0012495,0.0002929
493.904,0.0170785,0.0136597,0.0106663,0.0082782,0.0061806,0.004811,0.0033598,0.0020801,0.0012487,0.0002941
494.588,0.0170784,0.0136595,0.0106658,0.0082785,0.0061796,0.0048119,0.0033601,0.0020804,0.001248,0.0002953
495.271,0.0170783,0.0136592,0.0106652,0.0082788,0.0061786,0.0048128,0.0033604,0.0020807,0.0012472,0.0002966
495.954,0.0170781,0.0136589,0.0106646,0.0082791,0.0061776,0.0048137,0.0033607,0.002081,0.0012465,0.0002978
496.637,0.017078,0.0136587,0.0106641,0.0082795,0.0061766,0.0048146,0.003361,0.0020813,0.0012457,0.000299
