PlateVoltage,0V,-1V,-2V,-3V,-4V,-5V,-6V,-7V,-8V,-9V,-10V,-11V,-12V
0.089,9.44e-05,0.000106,0.0001197,0.0001833,8.02e-05,0.0001123,-0.0020378,0.0001849,8.02e-05,0.0001252,0.0001252,0.0001832,0.0001261
0.702,0.0001488,0.0001066,0.0001197,0.0001818,7.96e-05,0.0001119,-0.00203,0.0001835,8e-05,0.0001249,0.000125,0.0001828,0.0001261
1.315,0.0002031,0.0001072,0.0001197,0.0001804,7.9e-05,0.0001115,-0.0020223,0.0001821,7.98e-05,0.0001245,0.0001248,0.0001824,0.000126
1.929,0.0002574,0.0001078,0.0001197,0.0001789,7.84e-05,0.0001111,-0.0020145,0.0001806,7.96e-05,0.0001242,0.0001245,0.000182,0.000126
2.542,0.0003118,0.0001084,0.0001198,0.0001775,7.78e-05,0.0001107,-0.0020067,0.0001792,7.94e-05,0.0001239,0.0001243,0.0001816,0.0001259
3.155,0.0003661,0.000109,0.0001198,0.000176,7.72e-05,0.0001103,-0.0019989,0.0001777,7.93e-05,0.0001235,0.0001241,0.0001812,0.0001259
3.768,0.0004204,0.0001096,0.0001198,0.0001746,7.66e-05,0.0001099,-0.0019912,0.0001763,7.91e-05,0.0001232,0.0001239,0.0001808,0.0001258
4.381,0.0004748,0.0001102,0.0001198,0.0001731,7.6e-05,0.0001095,-0.0019834,0.0001749,7.89e-05,0.0001228,0.0001237,0.0001804,0.0001258
4.994,0.0005291,0.0001108,0.0001199,0.0001716,7.54e-05,0.0001091,-0.0019756,0.0001734,7.87e-05,0.0001225,0.0001234,0.00018,0.0001257
5.607,0.0005834,0.0001114,0.0001199,0.0001702,7.48e-05,0.0001087,-0.0019678,0.000172,7.85e-05,0.0001222,0.0001232,0.0001795,0.0001257
6.22,0.0006378,0.000112,0.0001199,0.0001687,7.42e-05,0.0001083,-0.0019601,0.0001706,7.84e-05,0.0001218,0.000123,0.0001791,0.0001256
6.833,0.0006921,0.0001126,0.0001199,0.0001673,7.36e-05,0.0001079,-0.0019523,0.0001691,7.82e-05,0.0001215,0.0001228,0.0001787,0.0001256
7.446,0.0007464,0.0001132,0.00012,0.0001658,7.3e-05,0.0001075,-0.0019445,0.0001677,7.8e-05,0.0001212,0.0001226,0.0001783,0.0001255
8.059,0.0008007,0.0001138,0.00012,0.0001644,7.24e-05,0.0001071,-0.0019367,0.0001663,7.78e-05,0.0001208,0.0001223,0.0001779,0.0001255
8.673,0.0008551,0.0001144,0.00012,0.0001629,7.18e-05,0.0001067,-0.0019289,0.0001648,7.76e-05,0.0001205,0.0001221,0.0001775,0.0001254
9.286,0.0009094,0.000115,0.00012,0.0001615,7.12e-05,0.0001063,-0.0019212,0.0001634,7.75e-05,0.0001201,0.0001219,0.0001771,0.0001254
9.899,0.000965,0.0001156,0.0001201,0.00016,7.06e-05,0.0001059,-0.0019134,0.000162,7.73e-05,0.0001198,0.0001217,0.0001767,0.0001253
10.512,0.0010215,0.0001162,0.0001201,0.0001586,7e-05,0.0001055,-0.0019056,0.0001605,7.71e-05,0.0001195,0.0001215,0.0001763,0.0001253
11.125,0.001078,0.0001168,0.0001201,0.0001571,6.94e-05,0.0001052,-0.0018978,0.0001591,7.69e-05,0.0001191,0.0001212,0.0001759,0.0001252
11.738,0.0011345,0.0001174,0.0001201,0.0001557,6.88e-05,0.0001048,-0.0018901,0.0001577,7.67e-05,0.0001188,0.000121,0.0001754,0.0001252
12.351,0.0011911,0.000118,0.0001202,0.0001542,6.82e-05,0.0001044,-0.0018823,0.0001562,7.65e-05,0.0001184,0.0001208,0.000175,0.0001251
12.964,0.0012476,0.0001186,0.0001202,0.0001528,6.76e-05,0.000104,-0.0018745,0.0001548,7.64e-05,0.0001181,0.0001206,0.0001746,0.0001251
13.577,0.0013041,0.0001192,0.0001202,0.0001513,6.7e-05,0.0001036,-0.0018667,0.0001534,7.62e-05,0.0001178,0.0001204,0.0001742,0.000125
14.19,0.0013606,0.0001198,0.0001202,0.0001498,6.64e-05,0.0001032,-0.001859,0.0001519,7.6e-05,0.0001174,0.0001201,0.0001738,0.000125
14.803,0.0014171,0.0001204,0.0001202,0.0001484,6.58e-05,0.0001028,-0.0018512,0.0001505,7.58e-05,0.0001171,0.0001199,0.0001734,0.0001249
15.416,0.0014736,0.0001209,0.0001203,0.0001469,6.52e-05,0.0001024,-0.0018434,0.0001491,7.56e-05,0.0001168,0.0001197,0.000173,0.0001249
16.03,0.0015301,0.0001215,0.0001203,0.0001455,6.46e-05,0.000102,-0.0018356,0.0001476,7.55e-05,0.0001164,0.0001195,0.0001726,0.0001249
16.643,0.0015866,0.0001221,0.0001203,0.000144,6.4e-05,0.0001016,-0.0018279,0.0001462,7.53e-05,0.0001161,0.0001193,0.0001722,0.0001248
17.256,0.0016431,0.0001227,0.0001203,0.0001426,6.34e-05,0.0001012,-0.0018201,0.0001448,7.51e-05,0.0001157,0.000119,0.0001718,0.0001248
17.869,0.0016996,0.0001233,0.0001204,0.0001411,6.27e-05,0.0001008,-0.0018123,0.0001433,7.49e-05,0.0001154,0.0001188,0.0001714,0.0001247
18.482,0.0017562,0.0001246,0.0001204,0.0001397,6.21e-05,0.0001004,-0.0018045,0.0001419,7.47e-05,0.0001151,0.0001186,0.0001709,0.0001247
19.095,0.0018127,0.0001334,0.0001204,0.0001382,6.15e-05,0.0001,-0.0017967,0.0001404,7.45e-05,0.0001147,0.0001184,0.0001705,0.0001246
19.708,0.0018692,0.0001423,0.0001204,0.0001368,6.09e-05,9.96e-05,-0.001789,0.000139,7.44e-05,0.0001144,0.0001182,0.0001701,0.0001246
20.321,0.0019257,0.0001511,0.0001205,0.0001353,6.03e-05,9.92e-05,-0.0017812,0.0001376,7.42e-05,0.0001141,0.0001179,0.0001697,0.0001245
20.934,0.0019822,0.0001599,0.0001205,0.0001339,5.97e-05,9.88e-05,-0.0017734,0.0001361,7.4e-05,0.0001137,0.0001177,0.0001693,0.0001245
21.547,0.0020387,0.0001688,0.0001205,0.0001324,5.91e-05,9.84e-05,-0.0017656,0.0001347,7.38e-05,0.0001134,0.0001175,0.0001689,0.0001244
22.16,0.0020952,0.0001776,0.0001205,0.000131,5.85e-05,9.8e-05,-0.0017579,0.0001333,7.36e-05,0.000113,0.0001173,0.0001685,0.0001244
22.773,0.0021517,0.0001864,0.0001206,0.0001295,5.79e-05,9.76e-05,-0.0017501,0.0001318,7.35e-05,0.0001127,0.0001171,0.0001681,0.0001243
23.387,0.0022119,0.0001953,0.0001206,0.0001281,5.73e-05,9.72e-05,-0.0017423,0.0001304,7.33e-05,0.0001124,0.0001168,0.0001677,0.0001243
24,0.0022787,0.0002041,0.0001206,0.0001266,5.67e-05,9.68e-05,-0.0017345,0.000129,7.31e-05,0.000112,0.0001166,0.0001673,0.0001242
24.613,0.0023456,0.000213,0.0001206,0.0001251,5.61e-05,9.64e-05,-0.0017268,0.0001275,7.29e-05,0.0001117,0.0001164,0.0001668,0.0001242
25.226,0.0024124,0.0002218,0.0001207,0.0001237,5.55e-05,9.6e-05,-0.001719,0.0001261,7.27e-05,0.0001113,0.0001162,0.0001664,0.0001241
25.839,0.0024793,0.0002306,0.0001207,0.0001222,5.49e-05,9.57e-05,-0.0017112,0.0001247,7.25e-05,0.000111,0.000116,0.000166,0.0001241
26.452,0.0025461,0.0002395,0.0001207,0.0001208,5.43e-05,9.53e-05,-0.0017034,0.0001232,7.24e-05,0.0001107,0.0001157,0.0001656,0.000124
27.065,0.002613,0.0002483,0.0001207,0.0001193,5.37e-05,9.49e-05,-0.0016957,0.0001218,7.22e-05,0.0001103,0.0001155,0.0001652,0.000124
27.678,0.0026798,0.0002571,0.0001207,0.0001179,5.31e-05,9.45e-05,-0.0016879,0.0001204,7.2e-05,0.00011,0.0001153,0.0001648,0.0001239
28.291,0.0027467,0.000266,0.0001208,0.0001164,5.25e-05,9.41e-05,-0.0016801,0.0001189,7.18e-05,0.0001097,0.0001151,0.0001644,0.0001239
28.904,0.0028136,0.0002748,0.0001208,0.000115,5.19e-05,9.37e-05,-0.0016723,0.0001175,7.16e-05,0.0001093,0.0001149,0.000164,0.0001238
29.517,0.0028804,0.0002836,0.0001208,0.0001135,5.13e-05,9.33e-05,-0.0016645,0.0001161,7.15e-05,0.000109,0.0001146,0.0001636,0.0001238
30.131,0.0029473,0.0002925,0.0001208,0.0001121,5.07e-05,9.29e-05,-0.0016568,0.0001146,7.13e-05,0.0001086,0.0001144,0.0001632,0.0001237
30.744,0.0030141,0.0003013,0.0001209,0.0001106,5.01e-05,9.25e-05,-0.001649,0.0001132,7.11e-05,0.0001083,0.0001142,0.0001628,0.0001237
31.357,0.003081,0.0003102,0.0001209,0.0001092,4.95e-05,9.21e-05,-0.0016412,0.0001118,7.09e-05,0.000108,0.000114,0.0001623,0.0001236
31.97,0.0031478,0.000319,0.0001209,0.0001077,4.89e-05,9.17e-05,-0.0016334,0.0001103,7.07e-05,0.0001076,0.0001138,0.0001619,0.0001236
32.583,0.0032147,0.0003278,0.0001209,0.0001063,4.83e-05,9.13e-05,-0.0016257,0.0001089,7.05e-05,0.0001073,0.0001135,0.0001615,0.0001235
33.196,0.0032815,0.0003367,0.000121,0.0001048,4.77e-05,9.09e-05,-0.0016179,0.0001075,7.04e-05,0.0001069,0.0001133,0.0001611,0.0001235
33.809,0.0033484,0.0003455,0.000121,0.0001034,4.71e-05,9.05e-05,-0.0016101,0.000106,7.02e-05,0.0001066,0.0001131,0.0001607,0.0001234
34.422,0.0034152,0.0003686,0.000121,0.0001019,4.65e-05,9.01e-05,-0.0016023,0.0001046,7e-05,0.0001063,0.0001129,0.0001603,0.0001234
35.035,0.0034821,0.0003946,0.000121,0.0001004,4.59e-05,8.97e-05,-0.0015946,0.0001031,6.98e-05,0.0001059,0.0001126,0.0001599,0.0001234
35.648,0.0035489,0.0004207,0.0001211,9.9e-05,4.53e-05,8.93e-05,-0.0015868,0.0001017,6.96e-05,0.0001056,0.0001124,0.0001595,0.0001233
36.261,0.0036158,0.0004467,0.0001211,9.75e-05,4.47e-05,8.89e-05,-0.001579,0.0001003,6.95e-05,0.0001053,0.0001122,0.0001591,0.0001233
36.874,0.0036826,0.0004727,0.0001211,9.61e-05,4.41e-05,8.85e-05,-0.0015712,9.88e-05,6.93e-05,0.0001049,0.000112,0.0001587,0.0001232
37.488,0.0037495,0.0004987,0.0001211,9.46e-05,4.35e-05,8.81e-05,-0.0015634,9.74e-05,6.91e-05,0.0001046,0.0001118,0.0001582,0.0001232
38.101,0.0038163,0.0005247,0.0001212,9.32e-05,4.29e-05,8.77e-05,-0.0015557,9.6e-05,6.89e-05,0.0001042,0.0001115,0.0001578,0.0001231
38.714,0.0038832,0.0005508,0.0001212,9.17e-05,4.23e-05,8.73e-05,-0.0015479,9.45e-05,6.87e-05,0.0001039,0.0001113,0.0001574,0.0001231
39.327,0.00395,0.0005768,0.0001212,9.03e-05,4.17e-05,8.69e-05,-0.0015401,9.31e-05,6.85e-05,0.0001036,0.0001111,0.000157,0.000123
39.94,0.0040205,0.0006028,0.0001212,8.88e-05,4.11e-05,8.65e-05,-0.0015323,9.17e-05,6.84e-05,0.0001032,0.0001109,0.0001566,0.000123
40.553,0.0040944,0.0006288,0.0001212,8.74e-05,4.05e-05,8.62e-05,-0.0015246,9.02e-05,6.82e-05,0.0001029,0.0001107,0.0001562,0.0001229
41.166,0.0041683,0.0006549,0.0001213,8.59e-05,3.99e-05,8.58e-05,-0.0015168,8.88e-05,6.8e-05,0.0001025,0.0001104,0.0001558,0.0001229
41.779,0.0042422,0.0006809,0.0001213,8.45e-05,3.93e-05,8.54e-05,-0.001509,8.74e-05,6.78e-05,0.0001022,0.0001102,0.0001554,0.0001228
42.392,0.0043161,0.0007069,0.0001213,8.3e-05,3.87e-05,8.5e-05,-0.0015012,8.59e-05,6.76e-05,0.0001019,0.00011,0.000155,0.0001228
43.005,0.00439,0.0007329,0.0001213,8.16e-05,3.81e-05,8.46e-05,-0.0014935,8.45e-05,6.75e-05,0.0001015,0.0001098,0.0001546,0.0001227
43.618,0.0044639,0.0007589,0.0001214,8.01e-05,3.75e-05,8.42e-05,-0.0014857,8.31e-05,6.73e-05,0.0001012,0.0001096,0.0001542,0.0001227
44.231,0.0045377,0.000785,0.0001214,7.87e-05,3.69e-05,8.38e-05,-0.0014779,8.16e-05,6.71e-05,0.0001009,0.0001093,0.0001537,0.0001226
44.845,0.0046116,0.000811,0.0001214,7.72e-05,3.63e-05,8.34e-05,-0.0014701,8.02e-05,6.69e-05,0.0001005,0.0001091,0.0001533,0.0001226
45.458,0.0046855,0.000837,0.0001214,7.57e-05,3.57e-05,8.3e-05,-0.0014624,7.88e-05,6.67e-05,0.0001002,0.0001089,0.0001529,0.0001225
46.071,0.0047594,0.000863,0.0001215,7.43e-05,3.5e-05,8.26e-05,-0.0014546,7.73e-05,6.65e-05,9.98e-05,0.0001087,0.0001525,0.0001225
46.684,0.0048333,0.0008918,0.0001215,7.28e-05,3.44e-05,8.22e-05,-0.0014468,7.59e-05,6.64e-05,9.95e-05,0.0001085,0.0001521,0.0001224
47.297,0.0049072,0.0009347,0.0001215,7.14e-05,3.38e-05,8.18e-05,-0.001439,7.45e-05,6.62e-05,9.92e-05,0.0001082,0.0001517,0.0001224
47.91,0.0049811,0.0009776,0.0001215,6.99e-05,3.32e-05,8.14e-05,-0.0014312,7.3e-05,6.6e-05,9.88e-05,0.000108,0.0001513,0.0001223
48.523,0.005055,0.0010205,0.0001216,6.85e-05,3.26e-05,8.1e-05,-0.0014235,7.16e-05,6.58e-05,9.85e-05,0.0001078,0.0001509,0.0001223
49.136,0.0051289,0.0010635,0.0001216,6.7e-05,3.2e-05,8.06e-05,-0.0014157,7.02e-05,6.56e-05,9.82e-05,0.0001076,0.0001505,0.0001222
49.749,0.0052028,0.0011064,0.0001216,6.56e-05,3.14e-05,8.02e-05,-0.0014079,6.87e-05,6.55e-05,9.78e-05,0.0001074,0.0001501,0.0001222
50.362,0.0052766,0.0011493,0.0001227,6.41e-05,3.08e-05,7.98e-05,-0.0014001,6.73e-05,6.53e-05,9.75e-05,0.0001071,0.0001496,0.0001221
50.975,0.0053505,0.0011922,0.0001387,6.27e-05,3.02e-05,7.94e-05,-0.0013924,6.58e-05,6.51e-05,9.71e-05,0.0001069,0.0001492,0.0001221
51.589,0.0054244,0.0012352,0.0001546,6.12e-05,2.96e-05,7.9e-05,-0.0013846,6.44e-05,6.49e-05,9.68e-05,0.0001067,0.0001488,0.000122
52.202,0.0054983,0.0012781,0.0001706,5.98e-05,2.9e-05,7.86e-05,-0.0013768,6.3e-05,6.47e-05,9.65e-05,0.0001065,0.0001484,0.000122
52.815,0.0055722,0.001321,0.0001865,5.83e-05,2.84e-05,7.82e-05,-0.001369,6.15e-05,6.46e-05,9.61e-05,0.0001063,0.000148,0.0001219
53.428,0.0056461,0.0013639,0.0002025,5.69e-05,2.78e-05,7.78e-05,-0.0013613,6.01e-05,6.44e-05,9.58e-05,0.000106,0.0001476,0.0001219
54.041,0.00572,0.0014068,0.0002184,5.54e-05,2.72e-05,7.74e-05,-0.0013535,5.87e-05,6.42e-05,9.54e-05,0.0001058,0.0001472,0.0001219
54.654,0.0057939,0.0014498,0.0002344,5.39e-05,2.66e-05,7.7e-05,-0.0013457,5.72e-05,6.4e-05,9.51e-05,0.0001056,0.0001468,0.0001218
55.267,0.0058678,0.0014927,0.0002503,5.25e-05,2.6e-05,7.67e-05,-0.0013379,5.58e-05,6.38e-05,9.48e-05,0.0001054,0.0001464,0.0001218
55.88,0.0059417,0.0015356,0.0002663,5.1e-05,2.54e-05,7.63e-05,-0.0013302,5.44e-05,6.36e-05,9.44e-05,0.0001052,0.000146,0.0001217
56.493,0.0060155,0.0015785,0.0002822,4.96e-05,2.48e-05,7.59e-05,-0.0013224,5.29e-05,6.35e-05,9.41e-05,0.0001049,0.0001456,0.0001217
57.106,0.0060894,0.0016215,0.0002982,4.81e-05,2.42e-05,7.55e-05,-0.0013146,5.15e-05,6.33e-05,9.38e-05,0.0001047,0.0001451,0.0001216
57.719,0.0061691,0.0016644,0.0003141,4.67e-05,2.36e-05,7.51e-05,-0.0013068,5.01e-05,6.31e-05,9.34e-05,0.0001045,0.0001447,0.0001216
58.332,0.0062586,0.0017073,0.0003301,4.52e-05,2.3e-05,7.47e-05,-0.001299,4.86e-05,6.29e-05,9.31e-05,0.0001043,0.0001443,0.0001215
58.946,0.006348,0.0017502,0.000346,4.38e-05,2.24e-05,7.43e-05,-0.0012913,4.72e-05,6.27e-05,9.27e-05,0.0001041,0.0001439,0.0001215
59.559,0.0064374,0.0017932,0.000362,4.23e-05,2.18e-05,7.39e-05,-0.0012835,4.58e-05,6.26e-05,9.24e-05,0.0001038,0.0001435,0.0001214
60.172,0.0065268,0.0018361,0.0003779,4.09e-05,2.12e-05,7.35e-05,-0.0012757,4.43e-05,6.24e-05,9.21e-05,0.0001036,0.0001431,0.0001214
60.785,0.0066162,0.0018818,0.0003939,3.94e-05,2.06e-05,7.31e-05,-0.0012679,4.29e-05,6.22e-05,9.17e-05,0.0001034,0.0001427,0.0001213
61.398,0.0067056,0.0019403,0.0004098,3.8e-05,2e-05,7.27e-05,-0.0012602,4.15e-05,6.2e-05,9.14e-05,0.0001032,0.0001423,0.0001213
62.011,0.006795,0.0019988,0.0004257,3.65e-05,1.94e-05,7.23e-05,-0.0012524,4e-05,6.18e-05,9.1e-05,0.000103,0.0001419,0.0001212
62.624,0.0068844,0.0020573,0.0004417,3.51e-05,1.88e-05,7.19e-05,-0.0012446,3.86e-05,6.16e-05,9.07e-05,0.0001027,0.0001415,0.0001212
63.237,0.0069738,0.0021159,0.0004576,3.36e-05,1.82e-05,7.15e-05,-0.0012368,3.72e-05,6.15e-05,9.04e-05,0.0001025,0.000141,0.0001211
63.85,0.0070632,0.0021744,0.0004736,3.22e-05,1.76e-05,7.11e-05,-0.0012291,3.57e-05,6.13e-05,9e-05,0.0001023,0.0001406,0.0001211
64.463,0.0071526,0.0022329,0.0004895,3.12e-05,1.7e-05,7.07e-05,-0.0012213,3.43e-05,6.11e-05,8.97e-05,0.0001021,0.0001402,0.000121
65.076,0.0072421,0.0022914,0.0005055,3.35e-05,1.64e-05,7.03e-05,-0.0012135,3.28e-05,6.09e-05,8.94e-05,0.0001019,0.0001398,0.000121
65.69,0.0073315,0.0023499,0.0005214,3.59e-05,1.58e-05,6.99e-05,-0.0012057,3.14e-05,6.07e-05,8.9e-05,0.0001016,0.0001394,0.0001209
66.303,0.0074209,0.0024084,0.0005374,3.82e-05,1.52e-05,6.95e-05,-0.001198,3e-05,6.06e-05,8.87e-05,0.0001014,0.000139,0.0001209
66.916,0.0075103,0.0024669,0.0005533,4.06e-05,1.46e-05,6.91e-05,-0.0011902,2.85e-05,6.04e-05,8.83e-05,0.0001012,0.0001386,0.0001208
67.529,0.0075997,0.0025254,0.0005693,4.29e-05,1.4e-05,6.87e-05,-0.0011824,2.71e-05,6.02e-05,8.8e-05,0.000101,0.0001382,0.0001208
68.142,0.0076891,0.002584,0.0005852,4.53e-05,1.34e-05,6.83e-05,-0.0011746,2.57e-05,6e-05,8.77e-05,0.0001008,0.0001378,0.0001207
68.755,0.0077785,0.0026425,0.0006012,4.76e-05,1.28e-05,6.79e-05,-0.0011668,2.42e-05,5.98e-05,8.73e-05,0.0001005,0.0001374,0.0001207
69.368,0.0078679,0.002701,0.0006171,5e-05,1.22e-05,6.76e-05,-0.0011591,2.28e-05,5.96e-05,8.7e-05,0.0001003,0.000137,0.0001206
69.981,0.0079573,0.0027595,0.0006331,5.23e-05,1.16e-05,6.72e-05,-0.0011513,2.14e-05,5.95e-05,8.66e-05,0.0001001,0.0001365,0.0001206
70.594,0.0080467,0.002818,0.000649,5.47e-05,1.1e-05,6.68e-05,-0.0011435,1.99e-05,5.93e-05,8.63e-05,9.99e-05,0.0001361,0.0001205
71.207,0.0081361,0.0028765,0.0006709,5.7e-05,1.04e-05,6.64e-05,-0.0011357,1.85e-05,5.91e-05,8.6e-05,9.97e-05,0.0001357,0.0001205
71.82,0.0082256,0.002935,0.0007019,5.94e-05,9.8e-06,6.6e-05,-0.001128,1.71e-05,5.89e-05,8.56e-05,9.94e-05,0.0001353,0.0001204
72.433,0.008315,0.0029935,0.0007329,6.18e-05,9.2e-06,6.56e-05,-0.0011202,1.56e-05,5.87e-05,8.53e-05,9.92e-05,0.0001349,0.0001204
73.047,0.0084044,0.0030521,0.0007639,6.41e-05,8.6e-06,6.52e-05,-0.0011124,1.42e-05,5.86e-05,8.5e-05,9.9e-05,0.0001345,0.0001204
73.66,0.0084969,0.0031106,0.0007949,6.65e-05,7.9e-06,6.48e-05,-0.0011046,1.28e-05,5.84e-05,8.46e-05,9.88e-05,0.0001341,0.0001203
74.273,0.0085973,0.0031691,0.0008259,6.88e-05,7.3e-06,6.44e-05,-0.0010969,1.13e-05,5.82e-05,8.43e-05,9.86e-05,0.0001337,0.0001203
74.886,0.0086977,0.0032276,0.0008569,7.12e-05,6.7e-06,6.4e-05,-0.0010891,9.9e-06,5.8e-05,8.39e-05,9.83e-05,0.0001333,0.0001202
75.499,0.0087981,0.0032861,0.0008879,7.35e-05,6.1e-06,6.36e-05,-0.0010813,8.5e-06,5.78e-05,8.36e-05,9.81e-05,0.0001329,0.0001202
76.112,0.0088985,0.0033446,0.0009189,7.59e-05,5.5e-06,6.32e-05,-0.0010735,7e-06,5.76e-05,8.33e-05,9.79e-05,0.0001324,0.0001201
76.725,0.0089989,0.0034031,0.0009499,7.82e-05,4.9e-06,6.28e-05,-0.0010658,5.6e-06,5.75e-05,8.29e-05,9.77e-05,0.000132,0.0001201
77.338,0.0090993,0.0034616,0.0009809,8.06e-05,4.3e-06,6.24e-05,-0.001058,4.2e-06,5.73e-05,8.26e-05,9.75e-05,0.0001316,0.00012
77.951,0.0091997,0.0035202,0.0010119,8.29e-05,3.7e-06,6.2e-05,-0.0010502,2.7e-06,5.71e-05,8.23e-05,9.72e-05,0.0001312,0.00012
78.564,0.0093001,0.003592,0.0010428,8.53e-05,3.1e-06,6.16e-05,-0.0010424,1.3e-06,5.69e-05,8.19e-05,9.7e-05,0.0001308,0.0001199
79.177,0.0094005,0.0036668,0.0010738,8.76e-05,2.5e-06,6.12e-05,-0.0010346,-1e-07,5.67e-05,8.16e-05,9.68e-05,0.0001304,0.0001199
79.79,0.0095009,0.0037416,0.0011048,9e-05,1.9e-06,6.08e-05,-0.0010269,-1.6e-06,5.66e-05,8.12e-05,9.66e-05,0.00013,0.0001198
80.404,0.0096013,0.0038165,0.0011358,9.23e-05,1.3e-06,6.04e-05,-0.0010191,-3e-06,5.64e-05,8.09e-05,9.64e-05,0.0001296,0.0001198
81.017,0.0097017,0.0038913,0.0011668,9.47e-05,7e-07,6e-05,-0.0010113,-4.5e-06,5.62e-05,8.06e-05,9.61e-05,0.0001292,0.0001197
81.63,0.0098021,0.0039661,0.0011978,9.7e-05,1e-07,5.96e-05,-0.0010035,-5.9e-06,5.6e-05,8.02e-05,9.59e-05,0.0001288,0.0001197
82.243,0.0099025,0.0040409,0.0012288,9.94e-05,-5e-07,5.92e-05,-0.0009958,-7.3e-06,5.58e-05,7.99e-05,9.57e-05,0.0001284,0.0001196
82.856,0.0100029,0.0041157,0.0012598,0.0001017,-1.1e-06,5.88e-05,-0.000988,-8.8e-06,5.56e-05,7.95e-05,9.55e-05,0.0001279,0.0001196
83.469,0.0101033,0.0041905,0.0012908,0.0001041,-1.7e-06,5.84e-05,-0.0009802,-1.02e-05,5.55e-05,7.92e-05,9.52e-05,0.0001275,0.0001195
84.082,0.0102037,0.0042653,0.0013218,0.0001064,-2.3e-06,5.81e-05,-0.0009724,-1.16e-05,5.53e-05,7.89e-05,9.5e-05,0.0001271,0.0001195
84.695,0.0103041,0.0043401,0.0013528,0.0001088,-2.9e-06,5.77e-05,-0.0009647,-1.31e-05,5.51e-05,7.85e-05,9.48e-05,0.0001267,0.0001194
85.308,0.0104045,0.0044149,0.0013838,0.0001111,-3.5e-06,5.73e-05,-0.0009569,-1.45e-05,5.49e-05,7.82e-05,9.46e-05,0.0001263,0.0001194
85.921,0.0105049,0.0044898,0.0014148,0.0001135,-4.1e-06,5.69e-05,-0.0009491,-1.59e-05,5.47e-05,7.79e-05,9.44e-05,0.0001259,0.0001193
86.534,0.0106053,0.0045646,0.0014457,0.0001158,-4.7e-06,5.65e-05,-0.0009413,-1.74e-05,5.46e-05,7.75e-05,9.41e-05,0.0001255,0.0001193
87.148,0.0107057,0.0046394,0.0014805,0.0001182,-5.3e-06,5.61e-05,-0.0009335,-1.88e-05,5.44e-05,7.72e-05,9.39e-05,0.0001251,0.0001192
87.761,0.0108061,0.0047142,0.001522,0.0001308,-5.9e-06,5.57e-05,-0.0009258,-2.02e-05,5.42e-05,7.68e-05,9.37e-05,0.0001247,0.0001192
88.374,0.0109065,0.004789,0.0015635,0.0001489,-6.5e-06,5.53e-05,-0.000918,-2.17e-05,5.4e-05,7.65e-05,9.35e-05,0.0001243,0.0001191
88.987,0.0110069,0.0048638,0.0016049,0.000167,-7.1e-06,5.49e-05,-0.0009102,-2.31e-05,5.38e-05,7.62e-05,9.33e-05,0.0001238,0.0001191
89.6,0.0111073,0.0049386,0.0016464,0.0001851,-7.7e-06,5.45e-05,-0.0009024,-2.45e-05,5.36e-05,7.58e-05,9.3e-05,0.0001234,0.000119
90.213,0.0112077,0.0050134,0.0016878,0.0002032,-8.3e-06,5.41e-05,-0.0008947,-2.6e-05,5.35e-05,7.55e-05,9.28e-05,0.000123,0.000119
90.826,0.0113081,0.0050883,0.0017293,0.0002213,-8.9e-06,5.37e-05,-0.0008869,-2.74e-05,5.33e-05,7.51e-05,9.26e-05,0.0001226,0.0001189
91.439,0.0114085,0.0051631,0.0017707,0.0002394,-9.5e-06,5.33e-05,-0.0008791,-2.88e-05,5.31e-05,7.48e-05,9.24e-05,0.0001222,0.0001189
92.052,0.0115114,0.0052379,0.0018122,0.0002575,-1.01e-05,5.29e-05,-0.0008713,-3.03e-05,5.29e-05,7.45e-05,9.22e-05,0.0001218,0.0001189
92.665,0.0116193,0.0053127,0.0018537,0.0002756,-1.07e-05,5.25e-05,-0.0008636,-3.17e-05,5.27e-05,7.41e-05,9.19e-05,0.0001214,0.0001188
93.278,0.0117272,0.0053875,0.0018951,0.0002937,-1.13e-05,5.21e-05,-0.0008558,-3.31e-05,5.26e-05,7.38e-05,9.17e-05,0.000121,0.0001188
93.891,0.011835,0.0054623,0.0019366,0.0003118,-1.19e-05,5.17e-05,-0.000848,-3.46e-05,5.24e-05,7.35e-05,9.15e-05,0.0001206,0.0001187
94.505,0.0119429,0.0055371,0.001978,0.0003299,-1.25e-05,5.13e-05,-0.0008402,-3.6e-05,5.22e-05,7.31e-05,9.13e-05,0.0001202,0.0001187
95.118,0.0120508,0.0056119,0.0020195,0.000348,-1.31e-05,5.09e-05,-0.0008325,-3.74e-05,5.2e-05,7.28e-05,9.11e-05,0.0001198,0.0001186
95.731,0.0121586,0.0056867,0.0020609,0.0003662,-1.37e-05,5.05e-05,-0.0008247,-3.89e-05,5.18e-05,7.24e-05,9.08e-05,0.0001193,0.0001186
96.344,0.0122665,0.0057616,0.0021024,0.0003843,-1.43e-05,5.01e-05,-0.0008169,-4.03e-05,5.17e-05,7.21e-05,9.06e-05,0.0001189,0.0001185
96.957,0.0123744,0.0058364,0.0021439,0.0004024,-1.49e-05,4.97e-05,-0.0008091,-4.18e-05,5.15e-05,7.18e-05,9.04e-05,0.0001185,0.0001185
97.57,0.0124822,0.0059112,0.0021853,0.0004205,-1.55e-05,4.93e-05,-0.0008013,-4.32e-05,5.13e-05,7.14e-05,9.02e-05,0.0001181,0.0001184
98.183,0.0125901,0.005986,0.0022268,0.0004386,-1.61e-05,4.89e-05,-0.0007936,-4.46e-05,5.11e-05,7.11e-05,9e-05,0.0001177,0.0001184
98.796,0.0126979,0.006069,0.0022811,0.0004567,-1.55e-05,4.86e-05,-0.0007858,-4.61e-05,5.09e-05,7.08e-05,8.97e-05,0.0001173,0.0001183
99.409,0.0128058,0.0061536,0.0023357,0.0004748,-1.2e-05,4.82e-05,-0.000778,-4.75e-05,5.07e-05,7.04e-05,8.95e-05,0.0001169,0.0001183
100.022,0.0129137,0.0062382,0.0023904,0.0004929,-8.6e-06,4.78e-05,-0.0007702,-4.89e-05,5.06e-05,7.01e-05,8.93e-05,0.0001165,0.0001182
100.635,0.0130215,0.0063228,0.002445,0.000511,-5.1e-06,4.74e-05,-0.0007625,-5.04e-05,5.04e-05,6.97e-05,8.91e-05,0.0001161,0.0001182
101.248,0.0131294,0.0064074,0.0024996,0.0005291,-1.6e-06,4.7e-05,-0.0007547,-5.18e-05,5.02e-05,6.94e-05,8.89e-05,0.0001157,0.0001181
101.862,0.0132373,0.006492,0.0025542,0.0005472,1.9e-06,4.66e-05,-0.0007469,-5.32e-05,5e-05,6.91e-05,8.86e-05,0.0001152,0.0001181
102.475,0.0133451,0.0065766,0.0026088,0.0005653,5.4e-06,4.62e-05,-0.0007391,-5.47e-05,4.98e-05,6.87e-05,8.84e-05,0.0001148,0.000118
103.088,0.013453,0.0066612,0.0026634,0.0005834,8.8e-06,4.58e-05,-0.0007314,-5.61e-05,4.97e-05,6.84e-05,8.82e-05,0.0001144,0.000118
103.701,0.0135609,0.0067458,0.002718,0.0006016,1.23e-05,4.54e-05,-0.0007236,-5.75e-05,4.95e-05,6.8e-05,8.8e-05,0.000114,0.0001179
104.314,0.0136687,0.0068304,0.0027727,0.0006197,1.58e-05,4.5e-05,-0.0007158,-5.9e-05,4.93e-05,6.77e-05,8.78e-05,0.0001136,0.0001179
104.927,0.0137766,0.006915,0.0028273,0.0006378,1.93e-05,4.46e-05,-0.000708,-6.04e-05,4.91e-05,6.74e-05,8.75e-05,0.0001132,0.0001178
105.54,0.0138845,0.0069996,0.0028819,0.0006559,2.28e-05,4.42e-05,-0.0007003,-6.18e-05,4.89e-05,6.7e-05,8.73e-05,0.0001128,0.0001178
106.153,0.0139923,0.0070842,0.0029365,0.000674,2.62e-05,4.38e-05,-0.0006925,-6.12e-05,4.87e-05,6.67e-05,8.71e-05,0.0001124,0.0001177
106.766,0.0141002,0.0071688,0.0029911,0.0006921,2.97e-05,4.34e-05,-0.0006847,-6e-05,4.86e-05,6.64e-05,8.69e-05,0.000112,0.0001177
107.379,0.0142081,0.0072533,0.0030457,0.0007154,3.32e-05,4.3e-05,-0.0006769,-5.89e-05,4.84e-05,6.6e-05,8.67e-05,0.0001116,0.0001176
107.992,0.0143159,0.0073379,0.0031003,0.0007437,3.67e-05,4.26e-05,-0.0006691,-5.78e-05,4.82e-05,6.57e-05,8.64e-05,0.0001111,0.0001176
108.606,0.0144238,0.0074225,0.003155,0.000772,4.02e-05,4.22e-05,-0.0006614,-5.67e-05,4.8e-05,6.53e-05,8.62e-05,0.0001107,0.0001175
109.219,0.0145317,0.0075071,0.0032096,0.0008003,4.36e-05,4.18e-05,-0.0006536,-5.56e-05,4.78e-05,6.5e-05,8.6e-05,0.0001103,0.0001175
109.832,0.0146395,0.0075917,0.0032642,0.0008286,4.71e-05,4.14e-05,-0.0006458,-5.45e-05,4.77e-05,6.47e-05,8.58e-05,0.0001099,0.0001174
110.445,0.0147533,0.0076763,0.0033188,0.000857,5.06e-05,4.1e-05,-0.000638,-5.34e-05,4.75e-05,6.43e-05,8.56e-05,0.0001095,0.0001174
111.058,0.014876,0.0077609,0.0033734,0.0008853,5.41e-05,4.06e-05,-0.0006303,-5.22e-05,4.73e-05,6.4e-05,8.53e-05,0.0001091,0.0001174
111.671,0.0149988,0.0078455,0.003428,0.0009136,5.76e-05,4.02e-05,-0.0006225,-5.11e-05,4.71e-05,6.36e-05,8.51e-05,0.0001087,0.0001173
112.284,0.0151215,0.0079301,0.0034827,0.0009419,6.1e-05,3.98e-05,-0.0006147,-5e-05,4.69e-05,6.33e-05,8.49e-05,0.0001083,0.0001173
112.897,0.0152443,0.0080147,0.0035448,0.0009702,6.45e-05,3.94e-05,-0.0006069,-4.89e-05,4.67e-05,6.3e-05,8.47e-05,0.0001079,0.0001172
113.51,0.0153671,0.0080993,0.0036071,0.0009986,6.8e-05,3.91e-05,-0.0005992,-4.78e-05,4.66e-05,6.26e-05,8.45e-05,0.0001075,0.0001172
114.123,0.0154898,0.0081839,0.0036694,0.0010269,7.15e-05,3.87e-05,-0.0005914,-4.67e-05,4.64e-05,6.23e-05,8.42e-05,0.0001071,0.0001171
114.736,0.0156126,0.0082685,0.0037317,0.0010552,7.5e-05,3.83e-05,-0.0005836,-4.56e-05,4.62e-05,6.2e-05,8.4e-05,0.0001066,0.0001171
115.349,0.0157353,0.0083531,0.003794,0.0010835,7.84e-05,3.79e-05,-0.0005758,-4.44e-05,4.6e-05,6.16e-05,8.38e-05,0.0001062,0.0001168
115.963,0.0158581,0.0084377,0.0038563,0.0011118,8.19e-05,3.75e-05,-0.0005681,-4.33e-05,4.58e-05,6.13e-05,8.36e-05,0.0001058,0.0001164
116.576,0.0159808,0.0085223,0.0039185,0.0011402,8.54e-05,3.71e-05,-0.0005603,-4.22e-05,4.57e-05,6.09e-05,8.34e-05,0.0001054,0.0001159
117.189,0.0161036,0.0086069,0.0039808,0.0011685,8.89e-05,3.67e-05,-0.0005525,-4.11e-05,4.55e-05,6.06e-05,8.31e-05,0.000105,0.0001155
117.802,0.0162263,0.0086915,0.0040431,0.0011968,9.24e-05,3.63e-05,-0.0005447,-4e-05,4.53e-05,6.03e-05,8.29e-05,0.0001046,0.000115
118.415,0.0163491,0.008776,0.0041054,0.0012251,9.58e-05,3.59e-05,-0.0005369,-3.89e-05,4.51e-05,5.99e-05,8.27e-05,0.0001042,0.0001146
119.028,0.0164718,0.0088606,0.0041677,0.0012534,9.93e-05,3.55e-05,-0.0005292,-3.78e-05,4.49e-05,5.96e-05,8.25e-05,0.0001038,0.0001141
119.641,0.0165946,0.0089452,0.00423,0.0012818,0.0001028,3.51e-05,-0.0005214,-3.66e-05,4.47e-05,5.92e-05,8.23e-05,0.0001034,0.0001137
120.254,0.0167173,0.0090298,0.0042922,0.0013101,0.0001063,3.47e-05,-0.0005136,-3.55e-05,4.46e-05,5.89e-05,8.2e-05,0.000103,0.0001133
120.867,0.0168401,0.0091282,0.0043545,0.0013384,0.0001098,3.43e-05,-0.0005058,-3.44e-05,4.44e-05,5.86e-05,8.18e-05,0.0001025,0.0001128
121.48,0.0169628,0.0092305,0.0044168,0.0013667,0.0001132,3.39e-05,-0.0004981,-3.33e-05,4.42e-05,5.82e-05,8.16e-05,0.0001021,0.0001124
122.093,0.0170856,0.0093327,0.0044791,0.0014125,0.0001175,3.35e-05,-0.0004903,-3.22e-05,4.4e-05,5.79e-05,8.14e-05,0.0001017,0.0001119
122.706,0.0172084,0.009435,0.0045414,0.0014635,0.0001361,3.31e-05,-0.0004825,-3.11e-05,4.38e-05,5.76e-05,8.12e-05,0.0001013,0.0001115
123.32,0.0173311,0.0095373,0.0046037,0.0015145,0.0001547,3.27e-05,-0.0004747,-3e-05,4.37e-05,5.72e-05,8.09e-05,0.0001009,0.000111
123.933,0.0174539,0.0096395,0.0046659,0.0015656,0.0001733,3.23e-05,-0.000467,-2.88e-05,4.35e-05,5.69e-05,8.07e-05,0.0001005,0.0001106
124.546,0.0175766,0.0097418,0.0047282,0.0016166,0.0001919,3.19e-05,-0.0004592,-2.77e-05,4.33e-05,5.65e-05,8.05e-05,0.0001001,0.0001101
125.159,0.0176994,0.0098441,0.0047905,0.0016676,0.0002105,3.15e-05,-0.0004514,-2.66e-05,4.31e-05,5.62e-05,8.03e-05,9.97e-05,0.0001097
125.772,0.0178221,0.0099463,0.0048528,0.0017186,0.0002292,3.11e-05,-0.0004436,-2.55e-05,4.29e-05,5.59e-05,8.01e-05,9.93e-05,0.0001093
126.385,0.0179449,0.0100486,0.0049151,0.0017696,0.0002478,3.07e-05,-0.0004359,-2.44e-05,4.27e-05,5.55e-05,7.98e-05,9.89e-05,0.0001088
126.998,0.0180676,0.0101509,0.004981,0.0018206,0.0002664,3.03e-05,-0.0004281,-2.33e-05,4.26e-05,5.52e-05,7.96e-05,9.85e-05,0.0001084
127.611,0.0181904,0.0102531,0.0050596,0.0018716,0.000285,3e-05,-0.0004203,-2.22e-05,4.24e-05,5.49e-05,7.94e-05,9.8e-05,0.0001079
128.224,0.0183131,0.0103554,0.0051382,0.0019227,0.0003036,2.96e-05,-0.0004125,-2.1e-05,4.22e-05,5.45e-05,7.92e-05,9.76e-05,0.0001075
128.837,0.0184359,0.0104577,0.0052168,0.0019737,0.0003222,2.92e-05,-0.0004047,-1.99e-05,4.2e-05,5.42e-05,7.9e-05,9.72e-05,0.000107
129.45,0.0185586,0.0105599,0.0052954,0.0020247,0.0003408,2.88e-05,-0.000397,-1.88e-05,4.18e-05,5.38e-05,7.87e-05,9.68e-05,0.0001066
130.064,0.0186814,0.0106622,0.005374,0.0020757,0.0003594,2.84e-05,-0.0003892,-1.77e-05,4.17e-05,5.35e-05,7.85e-05,9.64e-05,0.0001062
130.677,0.0188041,0.0107645,0.0054526,0.0021267,0.000378,2.8e-05,-0.0003814,-1.66e-05,4.15e-05,5.32e-05,7.83e-05,9.6e-05,0.0001057
131.29,0.0189269,0.0108667,0.0055312,0.0021777,0.0003967,2.76e-05,-0.0003736,-1.55e-05,4.13e-05,5.28e-05,7.81e-05,9.56e-05,0.0001053
131.903,0.0190497,0.010969,0.0056097,0.0022288,0.0004153,2.72e-05,-0.0003659,-1.44e-05,4.11e-05,5.25e-05,7.78e-05,9.52e-05,0.0001048
132.516,0.0191724,0.0110713,0.0056883,0.0022798,0.0004339,2.68e-05,-0.0003581,-1.32e-05,4.09e-05,5.21e-05,7.76e-05,9.48e-05,0.0001044
133.129,0.0192952,0.0111736,0.0057669,0.0023308,0.0004525,2.64e-05,-0.0003503,-1.21e-05,4.07e-05,5.18e-05,7.74e-05,9.44e-05,0.0001039
133.742,0.0194199,0.0112758,0.0058455,0.0023818,0.0004711,2.6e-05,-0.0003425,-1.1e-05,4.06e-05,5.15e-05,7.72e-05,9.39e-05,0.0001035
134.355,0.0195452,0.0113781,0.0059241,0.0024328,0.0004897,3.11e-05,-0.0003348,-9.9e-06,4.04e-05,5.11e-05,7.7e-05,9.35e-05,0.000103
134.968,0.0196706,0.0114804,0.0060027,0.0024838,0.0005083,3.66e-05,-0.000327,-8.8e-06,4.02e-05,5.08e-05,7.67e-05,9.31e-05,0.0001026
135.581,0.019796,0.0115826,0.0060813,0.0025349,0.0005269,4.21e-05,-0.0003192,-7.7e-06,4e-05,5.05e-05,7.65e-05,9.27e-05,0.0001022
136.194,0.0199214,0.0116849,0.0061599,0.0025859,0.0005455,4.75e-05,-0.0003114,-6.6e-06,3.98e-05,5.01e-05,7.63e-05,9.23e-05,0.0001017
136.807,0.0200467,0.0117872,0.0062385,0.0026369,0.0005641,5.3e-05,-0.0003036,-5.4e-06,3.97e-05,4.98e-05,7.61e-05,9.19e-05,0.0001013
137.421,0.0201721,0.0118894,0.0063171,0.0026879,0.0005828,5.85e-05,-0.0002959,-4.3e-06,3.95e-05,4.94e-05,7.59e-05,9.15e-05,0.0001008
138.034,0.0202975,0.0119917,0.0063957,0.0027389,0.0006014,6.4e-05,-0.0002881,-3.2e-06,3.93e-05,4.91e-05,7.56e-05,9.11e-05,0.0001004
138.647,0.0204229,0.012094,0.0064743,0.0027899,0.00062,6.95e-05,-0.0002803,-2.1e-06,3.91e-05,4.88e-05,7.54e-05,9.07e-05,9.99e-05
139.26,0.0205482,0.0121962,0.0065529,0.0028409,0.0006386,7.5e-05,-0.0002725,-1e-06,3.89e-05,4.84e-05,7.52e-05,9.03e-05,9.95e-05
139.873,0.0206736,0.0122985,0.0066315,0.002892,0.0006572,8.05e-05,-0.0002648,1e-07,3.88e-05,4.81e-05,7.5e-05,8.99e-05,9.9e-05
140.486,0.020799,0.0124008,0.00671,0.0029526,0.0006758,8.6e-05,-0.000257,1.2e-06,3.86e-05,4.77e-05,7.48e-05,8.94e-05,9.86e-05
141.099,0.0209243,0.012503,0.0067886,0.0030144,0.0006944,9.14e-05,-0.0002492,2.4e-06,3.84e-05,4.74e-05,7.45e-05,8.9e-05,9.82e-05
141.712,0.0210497,0.0126053,0.0068672,0.0030763,0.000713,9.69e-05,-0.0002414,3.5e-06,3.82e-05,4.71e-05,7.43e-05,8.86e-05,9.77e-05
142.325,0.0211751,0.0127076,0.0069483,0.0031382,0.0007316,0.0001024,-0.0002337,4.6e-06,3.8e-05,4.67e-05,7.41e-05,8.82e-05,9.73e-05
142.938,0.0213005,0.0128098,0.0070305,0.0032,0.0007564,0.0001079,-0.0002259,5.7e-06,3.78e-05,4.64e-05,7.39e-05,8.78e-05,9.68e-05
143.551,0.0214258,0.0129121,0.0071127,0.0032619,0.0007912,0.0001134,-0.0002181,6.8e-06,3.77e-05,4.61e-05,7.37e-05,8.74e-05,9.64e-05
144.164,0.0215512,0.0130144,0.007195,0.0033238,0.0008261,0.0001189,-0.0002103,7.9e-06,3.75e-05,4.57e-05,7.34e-05,8.7e-05,9.59e-05
144.778,0.0216766,0.0131166,0.0072772,0.0033856,0.000861,0.0001244,-0.0002026,9e-06,3.73e-05,4.54e-05,7.32e-05,8.66e-05,9.55e-05
145.391,0.0218019,0.0132325,0.0073594,0.0034475,0.0008958,0.0001298,-0.0001948,1.02e-05,3.71e-05,4.5e-05,7.3e-05,8.62e-05,9.51e-05
146.004,0.0219273,0.0133507,0.0074416,0.0035093,0.0009307,0.0001353,-0.000187,1.13e-05,3.69e-05,4.47e-05,7.28e-05,8.58e-05,9.46e-05
146.617,0.0220527,0.0134689,0.0075239,0.0035712,0.0009656,0.0001408,-0.0001792,1.24e-05,3.68e-05,4.44e-05,7.26e-05,8.53e-05,9.42e-05
147.23,0.0221781,0.013587,0.0076061,0.0036331,0.0010004,0.0001463,-0.0001714,1.35e-05,3.66e-05,4.4e-05,7.23e-05,8.49e-05,9.37e-05
147.843,0.0223034,0.0137052,0.0076883,0.0036949,0.0010353,0.0001518,-0.0001637,1.46e-05,3.64e-05,4.37e-05,7.21e-05,8.45e-05,9.33e-05
148.456,0.0224288,0.0138234,0.0077706,0.0037568,0.0010702,0.0001573,-0.0001559,1.57e-05,3.62e-05,4.33e-05,7.19e-05,8.41e-05,9.28e-05
149.069,0.0225542,0.0139416,0.0078528,0.0038187,0.0011051,0.0001628,-0.0001481,1.68e-05,3.6e-05,4.3e-05,7.17e-05,8.37e-05,9.24e-05
149.682,0.0226825,0.0140597,0.007935,0.0038805,0.0011399,0.0001682,-0.0001403,1.8e-05,3.58e-05,4.27e-05,7.15e-05,8.33e-05,9.19e-05
150.295,0.0228126,0.0141779,0.0080172,0.0039424,0.0011748,0.0001737,-0.0001326,1.91e-05,3.57e-05,4.23e-05,7.12e-05,8.29e-05,9.15e-05
150.908,0.0229427,0.0142961,0.0080995,0.0040042,0.0012097,0.0001792,-0.0001248,2.02e-05,3.55e-05,4.2e-05,7.1e-05,8.25e-05,9.11e-05
151.522,0.0230728,0.0144142,0.0081817,0.0040661,0.0012445,0.0001847,-0.000117,2.13e-05,3.53e-05,4.17e-05,7.08e-05,8.21e-05,9.06e-05
152.135,0.023203,0.0145324,0.0082639,0.004128,0.0012794,0.0001902,-0.0001092,2.24e-05,3.51e-05,4.13e-05,7.06e-05,8.17e-05,9.02e-05
152.748,0.0233331,0.0146506,0.0083461,0.0041898,0.0013143,0.0001957,-0.0001015,2.35e-05,3.49e-05,4.1e-05,7.04e-05,8.13e-05,8.97e-05
153.361,0.0234632,0.0147687,0.0084284,0.0042517,0.0013492,0.0002012,-9.37e-05,2.46e-05,3.48e-05,4.06e-05,7.01e-05,8.08e-05,8.93e-05
153.974,0.0235933,0.0148869,0.0085106,0.0043136,0.001384,0.0002067,-8.59e-05,2.58e-05,3.46e-05,4.03e-05,6.99e-05,8.04e-05,8.88e-05
154.587,0.0237234,0.0150051,0.0085928,0.0043754,0.0014189,0.0002121,-7.81e-05,2.69e-05,3.44e-05,4e-05,6.97e-05,8e-05,8.84e-05
155.2,0.0238535,0.0151233,0.0086751,0.0044373,0.0014538,0.0002176,-7.04e-05,2.8e-05,3.42e-05,3.96e-05,6.95e-05,7.96e-05,8.79e-05
155.813,0.0239836,0.0152414,0.0087573,0.0044991,0.0014886,0.0002231,-6.26e-05,2.91e-05,3.4e-05,3.93e-05,6.93e-05,7.92e-05,8.75e-05
156.426,0.0241137,0.0153596,0.0088395,0.0045615,0.0015235,0.0002286,-5.48e-05,3.02e-05,3.38e-05,3.9e-05,6.9e-05,7.88e-05,8.71e-05
157.039,0.0242438,0.0154778,0.0089238,0.004632,0.0015584,0.0002341,-4.7e-05,3.13e-05,3.37e-05,3.86e-05,6.88e-05,7.84e-05,8.66e-05
157.652,0.0243739,0.0155959,0.0090219,0.0047025,0.0015932,0.0002396,-3.92e-05,3.25e-05,3.35e-05,3.83e-05,6.85e-05,7.8e-05,8.62e-05
158.265,0.0245041,0.0157141,0.00912,0.0047731,0.0016281,0.0002451,-3.15e-05,3.36e-05,3.33e-05,3.79e-05,6.83e-05,7.76e-05,8.57e-05
158.879,0.0246342,0.0158323,0.0092181,0.0048436,0.001663,0.0002578,-2.37e-05,3.47e-05,3.31e-05,3.76e-05,6.8e-05,7.72e-05,8.53e-05
159.492,0.0247643,0.0159504,0.0093162,0.0049142,0.0016979,0.0002821,-1.59e-05,3.58e-05,3.29e-05,3.73e-05,6.77e-05,7.67e-05,8.48e-05
160.105,0.0248944,0.0160686,0.0094143,0.0049847,0.0017327,0.0003063,-8.1e-06,3.69e-05,3.28e-05,3.69e-05,6.75e-05,7.63e-05,8.44e-05
160.718,0.0250245,0.0161868,0.0095124,0.0050552,0.0017676,0.0003305,-4e-07,3.8e-05,3.26e-05,3.66e-05,6.72e-05,7.59e-05,8.4e-05
161.331,0.0251546,0.016305,0.0096105,0.0051258,0.0018025,0.0003547,7.4e-06,3.91e-05,3.24e-05,3.62e-05,6.7e-05,7.55e-05,8.35e-05
161.944,0.0252847,0.0164231,0.0097086,0.0051963,0.0018373,0.000379,1.52e-05,4.03e-05,3.22e-05,3.59e-05,6.67e-05,7.51e-05,8.31e-05
162.557,0.0254148,0.0165413,0.0098067,0.0052668,0.0018722,0.0004032,2.3e-05,4.14e-05,3.2e-05,3.56e-05,6.64e-05,7.47e-05,8.26e-05
163.17,0.0255449,0.0166595,0.0099048,0.0053374,0.0019071,0.0004274,3.07e-05,4.25e-05,3.18e-05,3.52e-05,6.62e-05,7.43e-05,8.22e-05
163.783,0.0256751,0.0167776,0.0100029,0.0054079,0.001942,0.0004516,3.85e-05,4.36e-05,3.17e-05,3.49e-05,6.59e-05,7.39e-05,8.17e-05
164.396,0.0258052,0.0168958,0.0101011,0.0054784,0.0019768,0.0004759,4.63e-05,4.47e-05,3.15e-05,3.46e-05,6.57e-05,7.35e-05,8.13e-05
165.009,0.0259353,0.017014,0.0101992,0.005549,0.0020186,0.0005001,5.41e-05,4.58e-05,3.13e-05,3.42e-05,6.54e-05,7.31e-05,8.08e-05
165.622,0.0260654,0.0171353,0.0102973,0.0056195,0.0020715,0.0005243,6.18e-05,4.69e-05,3.11e-05,3.39e-05,6.51e-05,7.27e-05,8.04e-05
166.236,0.0262002,0.0172573,0.0103954,0.00569,0.0021245,0.0005485,6.96e-05,4.81e-05,3.09e-05,3.35e-05,6.49e-05,7.22e-05,8e-05
166.849,0.0263367,0.0173793,0.0104935,0.0057606,0.0021775,0.0005728,7.74e-05,4.92e-05,3.08e-05,3.32e-05,6.46e-05,7.18e-05,7.95e-05
167.462,0.0264733,0.0175014,0.0105916,0.0058311,0.0022304,0.000597,8.52e-05,5.03e-05,3.06e-05,3.29e-05,6.44e-05,7.14e-05,7.91e-05
168.075,0.0266099,0.0176234,0.0106897,0.0059017,0.0022834,0.0006212,9.3e-05,5.14e-05,3.04e-05,3.25e-05,6.41e-05,7.1e-05,7.86e-05
168.688,0.0267464,0.0177454,0.0107878,0.0059722,0.0023363,0.0006454,0.0001007,5.25e-05,3.02e-05,3.22e-05,6.38e-05,7.06e-05,7.82e-05
169.301,0.026883,0.0178674,0.0108859,0.0060427,0.0023893,0.0006697,0.0001085,5.36e-05,3e-05,3.18e-05,6.36e-05,7.02e-05,7.77e-05
169.914,0.0270195,0.0179894,0.010984,0.0061133,0.0024422,0.0006939,0.0001163,5.47e-05,2.98e-05,3.15e-05,6.33e-05,6.98e-05,7.73e-05
170.527,0.0271561,0.0181114,0.011082,0.0061838,0.0024952,0.0007181,0.0001241,5.59e-05,2.97e-05,3.12e-05,6.31e-05,6.94e-05,7.69e-05
171.14,0.0272927,0.0182334,0.01118,0.0062543,0.0025481,0.0007423,0.0001318,5.7e-05,2.95e-05,3.08e-05,6.28e-05,6.9e-05,7.64e-05
171.753,0.0274292,0.0183554,0.011278,0.0063249,0.0026011,0.0007666,0.0001396,5.81e-05,2.93e-05,3.05e-05,6.25e-05,6.86e-05,7.6e-05
172.366,0.0275658,0.0184775,0.011376,0.0063954,0.002654,0.0007929,0.0001474,5.92e-05,2.91e-05,3.02e-05,6.23e-05,6.81e-05,7.55e-05
172.98,0.0277023,0.0185995,0.011474,0.0064771,0.002707,0.000828,0.0001552,6.03e-05,2.89e-05,2.98e-05,6.2e-05,6.78e-05,7.51e-05
173.593,0.0278389,0.0187215,0.011572,0.0065589,0.0027599,0.0008631,0.0001629,6.14e-05,2.88e-05,2.95e-05,6.18e-05,6.76e-05,7.46e-05
174.206,0.0279755,0.0188435,0.0116699,0.0066408,0.0028129,0.0008982,0.0001707,6.25e-05,2.86e-05,2.91e-05,6.15e-05,6.73e-05,7.42e-05
174.819,0.028112,0.0189655,0.0117679,0.0067227,0.0028658,0.0009333,0.0001785,6.37e-05,2.84e-05,2.88e-05,6.12e-05,6.7e-05,7.37e-05
175.432,0.0282486,0.0190875,0.0118659,0.0068045,0.0029188,0.0009684,0.0001863,6.48e-05,2.82e-05,2.85e-05,6.1e-05,6.68e-05,7.33e-05
176.045,0.0283852,0.0192095,0.0119639,0.0068864,0.0029717,0.0010036,0.000194,6.59e-05,2.8e-05,2.81e-05,6.07e-05,6.65e-05,7.29e-05
176.658,0.0285217,0.0193315,0.0120619,0.0069683,0.0030247,0.0010387,0.0002018,6.7e-05,2.78e-05,2.78e-05,6.05e-05,6.63e-05,7.24e-05
177.271,0.0286583,0.0194536,0.0121598,0.0070501,0.0030776,0.0010738,0.0002096,6.81e-05,2.77e-05,2.75e-05,6.02e-05,6.6e-05,7.2e-05
177.884,0.0287948,0.0195756,0.0122578,0.007132,0.0031306,0.0011089,0.0002174,6.92e-05,2.75e-05,2.71e-05,5.99e-05,6.58e-05,7.15e-05
178.497,0.0289314,0.0196976,0.0123558,0.0072138,0.0031835,0.001144,0.0002252,7.03e-05,2.73e-05,2.68e-05,5.97e-05,6.55e-05,7.11e-05
179.11,0.029068,0.0198196,0.0124538,0.0072957,0.0032365,0.0011791,0.0002329,7.15e-05,2.71e-05,2.64e-05,5.94e-05,6.53e-05,7.06e-05
179.723,0.0292045,0.0199416,0.0125518,0.0073776,0.0032894,0.0012142,0.0002407,7.26e-05,2.69e-05,2.61e-05,5.91e-05,6.5e-05,7.02e-05
180.337,0.0293411,0.0200636,0.0126498,0.0074594,0.0033424,0.0012494,0.0002503,7.37e-05,2.68e-05,2.58e-05,5.89e-05,6.48e-05,6.97e-05
180.95,0.0294776,0.0201856,0.0127477,0.0075413,0.0033953,0.0012845,0.0002671,7.48e-05,2.66e-05,2.54e-05,5.86e-05,6.45e-05,6.93e-05
181.563,0.0296142,0.0203076,0.0128457,0.0076232,0.0034483,0.0013196,0.0002838,7.59e-05,2.64e-05,2.51e-05,5.84e-05,6.43e-05,6.89e-05
182.176,0.0297508,0.0204296,0.0129437,0.007705,0.0035012,0.0013547,0.0003005,7.7e-05,2.62e-05,2.47e-05,5.81e-05,6.4e-05,6.84e-05
182.789,0.0298873,0.0205517,0.0130417,0.0077869,0.0035542,0.0013898,0.0003172,7.81e-05,2.6e-05,2.44e-05,5.78e-05,6.37e-05,6.8e-05
183.402,0.0300239,0.0206737,0.0131397,0.0078688,0.0036071,0.0014249,0.0003339,7.93e-05,2.59e-05,2.41e-05,5.76e-05,6.35e-05,6.75e-05
184.015,0.0301605,0.0207957,0.0132376,0.0079506,0.0036601,0.0014601,0.0003507,8.04e-05,2.57e-05,2.37e-05,5.73e-05,6.32e-05,6.71e-05
184.628,0.030297,0.0209177,0.0133356,0.0080325,0.0037151,0.0014952,0.0003674,8.15e-05,2.55e-05,2.34e-05,5.71e-05,6.3e-05,6.66e-05
185.241,0.0304336,0.0210397,0.0134336,0.0081143,0.0037785,0.0015303,0.0003841,8.26e-05,2.53e-05,2.31e-05,5.68e-05,6.27e-05,6.62e-05
185.854,0.0305701,0.0211617,0.0135316,0.0081962,0.0038418,0.0015654,0.0004008,8.37e-05,2.51e-05,2.27e-05,5.65e-05,6.25e-05,6.58e-05
186.467,0.0307067,0.0212837,0.0136378,0.0082781,0.0039052,0.0016005,0.0004175,8.48e-05,2.49e-05,2.24e-05,5.63e-05,6.22e-05,6.53e-05
187.081,0.0308433,0.0214057,0.0137511,0.0083633,0.0039686,0.0016356,0.0004343,8.59e-05,2.48e-05,2.26e-05,5.6e-05,6.2e-05,6.49e-05
187.694,0.0309798,0.0215278,0.0138644,0.0084486,0.004032,0.0016708,0.000451,8.71e-05,2.46e-05,2.33e-05,5.58e-05,6.17e-05,6.44e-05
188.307,0.0311164,0.0216498,0.0139776,0.008534,0.0040954,0.0017059,0.0004677,8.82e-05,2.44e-05,2.4e-05,5.55e-05,6.15e-05,6.4e-05
188.92,0.0312529,0.0217718,0.0140909,0.0086193,0.0041587,0.001745,0.0004844,8.93e-05,2.42e-05,2.47e-05,5.52e-05,6.12e-05,6.35e-05
189.533,0.0313895,0.0218938,0.0142042,0.0087046,0.0042221,0.0017905,0.0005011,9.04e-05,2.4e-05,2.54e-05,5.5e-05,6.1e-05,6.31e-05
190.146,0.0315261,0.0220158,0.0143175,0.00879,0.0042855,0.001836,0.0005179,9.15e-05,2.39e-05,2.61e-05,5.47e-05,6.07e-05,6.26e-05
190.759,0.0316626,0.0221378,0.0144308,0.0088753,0.0043489,0.0018816,0.0005346,9.26e-05,2.37e-05,2.68e-05,5.45e-05,6.04e-05,6.22e-05
191.372,0.0318054,0.0222598,0.0145441,0.0089606,0.0044123,0.0019271,0.0005513,9.37e-05,2.35e-05,2.75e-05,5.42e-05,6.02e-05,6.18e-05
191.985,0.0319483,0.022386,0.0146574,0.009046,0.0044756,0.0019726,0.000568,9.49e-05,2.33e-05,2.82e-05,5.39e-05,5.99e-05,6.13e-05
192.598,0.0320911,0.0225132,0.0147707,0.0091313,0.004539,0.0020181,0.0005847,9.6e-05,2.31e-05,2.89e-05,5.37e-05,5.97e-05,6.09e-05
193.211,0.032234,0.0226404,0.014884,0.0092166,0.0046024,0.0020636,0.0006015,9.71e-05,2.29e-05,2.96e-05,5.34e-05,5.94e-05,6.04e-05
193.824,0.0323769,0.0227676,0.0149973,0.009302,0.0046658,0.0021092,0.0006182,9.82e-05,2.28e-05,3.03e-05,5.32e-05,5.92e-05,6e-05
194.438,0.0325198,0.0228948,0.0151106,0.0093873,0.0047292,0.0021547,0.0006349,9.93e-05,2.26e-05,3.1e-05,5.29e-05,5.89e-05,5.95e-05
195.051,0.0326626,0.023022,0.0152238,0.0094726,0.0047925,0.0022002,0.0006516,0.0001004,2.24e-05,3.17e-05,5.26e-05,5.87e-05,5.91e-05
195.664,0.0328055,0.0231492,0.0153371,0.009558,0.0048559,0.0022457,0.0006683,0.0001015,2.22e-05,3.24e-05,5.24e-05,5.84e-05,5.86e-05
196.277,0.0329484,0.0232764,0.0154504,0.0096433,0.0049193,0.0022912,0.0006851,0.0001027,2.2e-05,3.31e-05,5.21e-05,5.82e-05,5.82e-05
196.89,0.0330912,0.0234036,0.0155637,0.0097286,0.0049827,0.0023368,0.0007067,0.0001038,2.19e-05,3.38e-05,5.19e-05,5.79e-05,5.78e-05
197.503,0.0332341,0.0235308,0.015677,0.009814,0.0050461,0.0023823,0.0007352,0.0001049,2.17e-05,3.44e-05,5.16e-05,5.77e-05,5.73e-05
198.116,0.033377,0.023658,0.0157903,0.0098993,0.0051094,0.0024278,0.0007637,0.000106,2.15e-05,3.51e-05,5.13e-05,5.74e-05,5.69e-05
198.729,0.0335199,0.0237852,0.0159036,0.0099846,0.0051728,0.0024733,0.0007922,0.0001071,2.23e-05,3.58e-05,5.11e-05,5.72e-05,5.64e-05
199.342,0.0336627,0.0239124,0.0160169,0.01007,0.0052362,0.0025189,0.0008206,0.0001082,2.48e-05,3.65e-05,5.08e-05,5.69e-05,5.6e-05
199.955,0.0338056,0.0240396,0.0161302,0.0101553,0.0052996,0.0025644,0.0008491,0.0001093,2.72e-05,3.72e-05,5.06e-05,5.66e-05,5.55e-05
200.568,0.0339485,0.0241669,0.0162435,0.0102406,0.005363,0.0026099,0.0008776,0.0001105,2.96e-05,3.79e-05,5.03e-05,5.64e-05,5.51e-05
201.181,0.0340914,0.0242941,0.0163568,0.010326,0.0054263,0.0026554,0.0009061,0.0001159,3.2e-05,3.86e-05,5e-05,5.61e-05,5.47e-05
201.795,0.0342342,0.0244213,0.0164714,0.0104113,0.0054991,0.0027009,0.0009346,0.0001246,3.45e-05,3.93e-05,4.98e-05,5.59e-05,5.42e-05
202.408,0.0343771,0.0245485,0.016592,0.0104966,0.0055782,0.0027465,0.000963,0.0001334,3.69e-05,4e-05,4.95e-05,5.56e-05,5.38e-05
203.021,0.03452,0.0246757,0.0167126,0.010582,0.0056574,0.002792,0.0009915,0.0001421,3.93e-05,4.07e-05,4.93e-05,5.54e-05,5.33e-05
203.634,0.0346628,0.0248029,0.0168332,0.0106673,0.0057365,0.0028375,0.00102,0.0001509,4.18e-05,4.14e-05,4.9e-05,5.51e-05,5.29e-05
204.247,0.0348057,0.0249301,0.0169537,0.0107636,0.0058156,0.002883,0.0010485,0.0001596,4.42e-05,4.21e-05,4.87e-05,5.49e-05,5.24e-05
204.86,0.0349486,0.0250573,0.0170743,0.010868,0.0058947,0.0029285,0.0010769,0.0001684,4.66e-05,4.28e-05,4.85e-05,5.46e-05,5.2e-05
205.473,0.0350915,0.0251845,0.0171949,0.0109723,0.0059739,0.0029741,0.0011054,0.0001771,4.91e-05,4.35e-05,4.82e-05,5.44e-05,5.15e-05
206.086,0.0352343,0.0253117,0.0173155,0.0110767,0.006053,0.0030259,0.0011339,0.0001859,5.15e-05,4.42e-05,4.8e-05,5.41e-05,5.11e-05
206.699,0.0353772,0.0254389,0.017436,0.011181,0.0061321,0.0030792,0.0011624,0.0001946,5.39e-05,4.49e-05,4.77e-05,5.39e-05,5.07e-05
207.312,0.0355201,0.0255661,0.0175566,0.0112854,0.0062112,0.0031326,0.0011909,0.0002034,5.64e-05,4.56e-05,4.74e-05,5.36e-05,5.02e-05
207.925,0.035663,0.0256933,0.0176772,0.0113897,0.0062904,0.003186,0.0012193,0.0002121,5.88e-05,4.63e-05,4.72e-05,5.33e-05,4.98e-05
208.539,0.0358058,0.0258205,0.0177977,0.011494,0.0063695,0.0032393,0.0012478,0.0002209,6.12e-05,4.7e-05,4.69e-05,5.31e-05,4.93e-05
209.152,0.0359487,0.0259477,0.0179183,0.0115984,0.0064486,0.0032927,0.0012763,0.0002297,6.37e-05,4.77e-05,4.67e-05,5.28e-05,4.89e-05
209.765,0.0360916,0.0260749,0.0180389,0.0117027,0.0065278,0.003346,0.0013048,0.0002384,6.61e-05,4.84e-05,4.64e-05,5.26e-05,4.84e-05
210.378,0.0362345,0.0262021,0.0181595,0.0118071,0.0066069,0.0033994,0.0013332,0.0002472,6.85e-05,4.91e-05,4.61e-05,5.23e-05,4.8e-05
210.991,0.0363773,0.0263293,0.01828,0.0119114,0.006686,0.0034528,0.0013617,0.0002559,7.1e-05,4.98e-05,4.59e-05,5.21e-05,4.76e-05
211.604,0.0365202,0.0264565,0.0184006,0.0120158,0.0067651,0.0035061,0.0013902,0.0002647,7.34e-05,5.05e-05,4.56e-05,5.18e-05,4.71e-05
212.217,0.0366631,0.0265837,0.0185212,0.0121201,0.0068443,0.0035595,0.0014187,0.0002734,7.58e-05,5.12e-05,4.54e-05,5.16e-05,4.67e-05
212.83,0.0368059,0.0267109,0.0186418,0.0122245,0.0069234,0.0036128,0.0014472,0.0002822,7.83e-05,5.19e-05,4.51e-05,5.13e-05,4.62e-05
213.443,0.0369488,0.0268381,0.0187623,0.0123288,0.0070025,0.0036662,0.0014756,0.0002909,8.07e-05,5.26e-05,4.48e-05,5.11e-05,4.58e-05
214.056,0.0370917,0.0269653,0.0188829,0.0124331,0.0070816,0.0037196,0.0015048,0.0002997,8.31e-05,5.33e-05,4.46e-05,5.08e-05,4.53e-05
214.669,0.0372346,0.0270925,0.0190035,0.0125375,0.0071608,0.0037729,0.0015405,0.0003084,8.56e-05,5.4e-05,4.43e-05,5.06e-05,4.49e-05
215.282,0.0373774,0.0272197,0.0191241,0.0126418,0.0072399,0.0038263,0.0015763,0.0003172,8.8e-05,5.47e-05,4.41e-05,5.03e-05,4.44e-05
215.896,0.0375203,0.0273469,0.0192446,0.0127462,0.007319,0.0038796,0.0016121,0.0003259,9.04e-05,5.54e-05,4.38e-05,5e-05,4.4e-05
216.509,0.0376632,0.0274741,0.0193656,0.0128505,0.0073981,0.003933,0.0016478,0.0003347,9.29e-05,5.61e-05,4.35e-05,4.98e-05,4.36e-05
217.122,0.0378061,0.0276013,0.0194871,0.0129552,0.0074773,0.0039864,0.0016836,0.0003434,9.53e-05,5.68e-05,4.33e-05,4.95e-05,4.31e-05
217.735,0.0379489,0.0277286,0.0196086,0.0130637,0.0075572,0.0040397,0.0017193,0.0003522,9.77e-05,5.75e-05,4.3e-05,4.93e-05,4.27e-05
218.348,0.0380918,0.0278624,0.0197302,0.0131722,0.0076378,0.0040931,0.0017551,0.000361,0.0001002,5.82e-05,4.28e-05,4.9e-05,4.22e-05
218.961,0.0382347,0.0279982,0.0198517,0.0132807,0.0077185,0.0041464,0.0017909,0.0003697,0.0001026,5.89e-05,4.25e-05,4.88e-05,4.18e-05
219.574,0.0383776,0.0281341,0.0199732,0.0133892,0.0077992,0.0041998,0.0018266,0.0003785,0.000105,5.96e-05,4.22e-05,4.85e-05,4.13e-05
220.187,0.0385204,0.0282699,0.0200948,0.0134977,0.0078798,0.0042532,0.0018624,0.0004009,0.0001075,6.03e-05,4.2e-05,4.83e-05,4.09e-05
220.8,0.0386633,0.0284058,0.0202163,0.0136062,0.0079605,0.0043065,0.0018982,0.000424,0.0001099,6.1e-05,4.17e-05,4.8e-05,4.04e-05
221.413,0.0388062,0.0285416,0.0203378,0.0137147,0.0080411,0.0043599,0.0019339,0.0004471,0.0001123,6.17e-05,4.15e-05,4.78e-05,4e-05
222.026,0.038949,0.0286774,0.0204594,0.0138232,0.0081218,0.0044201,0.0019697,0.0004702,0.0001148,6.24e-05,4.12e-05,4.75e-05,3.96e-05
222.639,0.0390919,0.0288133,0.0205809,0.0139317,0.0082025,0.0044827,0.0020054,0.0004933,0.0001172,6.31e-05,4.09e-05,4.73e-05,3.91e-05
223.253,0.0392348,0.0289491,0.0207024,0.0140403,0.0082831,0.0045452,0.0020412,0.0005164,0.0001196,6.38e-05,4.07e-05,4.7e-05,3.87e-05
223.866,0.0393777,0.029085,0.020824,0.0141488,0.0083638,0.0046078,0.002077,0.0005395,0.000122,6.45e-05,4.04e-05,4.67e-05,3.82e-05
224.479,0.0395205,0.0292208,0.0209455,0.0142573,0.0084444,0.0046703,0.0021127,0.0005626,0.0001245,6.52e-05,4.02e-05,4.65e-05,3.78e-05
225.092,0.0396634,0.0293567,0.021067,0.0143658,0.0085251,0.0047328,0.0021485,0.0005857,0.0001269,6.59e-05,3.99e-05,4.62e-05,3.73e-05
225.705,0.0398063,0.0294925,0.0211886,0.0144743,0.0086057,0.0047954,0.0021842,0.0006088,0.0001293,6.66e-05,3.96e-05,4.6e-05,3.69e-05
226.318,0.0399492,0.0296284,0.0213101,0.0145828,0.0086864,0.0048579,0.00222,0.0006319,0.0001318,6.73e-05,3.94e-05,4.57e-05,3.65e-05
226.931,0.040092,0.0297642,0.0214316,0.0146913,0.0087671,0.0049205,0.0022558,0.000655,0.0001342,6.8e-05,3.91e-05,4.55e-05,3.6e-05
227.544,0.0402349,0.0299,0.0215532,0.0147998,0.0088477,0.004983,0.0022915,0.0006781,0.0001366,6.87e-05,3.89e-05,4.52e-05,3.56e-05
228.157,0.0403778,0.0300359,0.0216747,0.0149083,0.0089284,0.0050456,0.0023273,0.0007012,0.0001391,6.94e-05,3.86e-05,4.5e-05,3.51e-05
228.77,0.0405207,0.0301717,0.0217962,0.0150168,0.009009,0.0051081,0.002363,0.0007243,0.0001415,7.01e-05,3.83e-05,4.47e-05,3.47e-05
229.383,0.0406635,0.0303076,0.0219178,0.0151253,0.0090897,0.0051707,0.0023988,0.0007474,0.0001439,7.08e-05,3.81e-05,4.45e-05,3.42e-05
229.997,0.0408064,0.0304434,0.0220393,0.0152338,0.0091704,0.0052332,0.0024346,0.0007705,0.0001464,7.15e-05,3.78e-05,4.42e-05,3.38e-05
230.61,0.0409493,0.0305793,0.0221608,0.0153423,0.009251,0.0052957,0.0024703,0.0007936,0.0001488,7.22e-05,3.76e-05,4.4e-05,3.33e-05
231.223,0.0410921,0.0307151,0.0222824,0.0154508,0.0093346,0.0053583,0.0025126,0.0008167,0.0001512,7.29e-05,3.73e-05,4.37e-05,3.29e-05
231.836,0.041235,0.030851,0.0224039,0.0155593,0.0094262,0.0054208,0.0025608,0.0008398,0.0001546,7.36e-05,3.7e-05,4.34e-05,3.25e-05
232.449,0.0413779,0.0309868,0.0225254,0.0156678,0.0095178,0.0054834,0.002609,0.0008629,0.0001688,7.43e-05,3.68e-05,4.32e-05,3.2e-05
233.062,0.0415208,0.0311227,0.022647,0.0157763,0.0096094,0.0055459,0.0026572,0.000886,0.0001831,7.5e-05,3.65e-05,4.29e-05,3.16e-05
233.675,0.0416636,0.0312585,0.0227685,0.015884,0.009701,0.0056085,0.0027054,0.0009091,0.0001973,7.57e-05,3.63e-05,4.27e-05,3.11e-05
234.288,0.0418065,0.0313943,0.0228931,0.015988,0.0097925,0.005671,0.0027536,0.0009322,0.0002115,7.64e-05,3.6e-05,4.24e-05,3.07e-05
234.901,0.0419494,0.0315302,0.0230178,0.0160921,0.0098841,0.0057335,0.0028018,0.0009553,0.0002257,7.71e-05,3.57e-05,4.22e-05,3.02e-05
235.514,0.0420923,0.031666,0.0231426,0.0161962,0.0099757,0.0058002,0.0028501,0.0009784,0.00024,7.78e-05,3.55e-05,4.19e-05,2.98e-05
236.127,0.0422351,0.0318019,0.0232673,0.0163003,0.0100673,0.0058708,0.0028983,0.0010015,0.0002542,7.85e-05,3.52e-05,4.17e-05,2.93e-05
236.74,0.042378,0.0319377,0.0233921,0.0164044,0.0101589,0.0059413,0.0029465,0.0010246,0.0002684,7.92e-05,3.5e-05,4.14e-05,2.89e-05
237.354,0.0425209,0.0320736,0.0235168,0.0165085,0.0102505,0.0060119,0.0029947,0.0010477,0.0002826,7.99e-05,3.47e-05,4.12e-05,2.85e-05
237.967,0.0426637,0.0322094,0.0236416,0.0166126,0.0103421,0.0060824,0.0030429,0.001077,0.0002969,8.06e-05,3.44e-05,4.09e-05,2.8e-05
238.58,0.0428066,0.0323453,0.0237663,0.0167166,0.0104337,0.0061529,0.0030911,0.0011072,0.0003111,8.13e-05,3.42e-05,4.07e-05,2.76e-05
239.193,0.0429495,0.0324811,0.0238911,0.0168207,0.0105252,0.0062235,0.0031393,0.0011374,0.0003253,8.2e-05,3.39e-05,4.04e-05,2.71e-05
239.806,0.0430924,0.0326169,0.0240158,0.0169248,0.0106168,0.006294,0.0031875,0.0011677,0.0003395,8.27e-05,3.37e-05,4.01e-05,2.67e-05
240.419,0.0432352,0.0327528,0.0241406,0.0170289,0.0107084,0.0063646,0.0032357,0.0011979,0.0003538,8.34e-05,3.34e-05,3.99e-05,2.62e-05
241.032,0.0433781,0.0328886,0.0242653,0.017133,0.0108,0.0064351,0.0032839,0.0012281,0.000368,8.41e-05,3.31e-05,3.96e-05,2.58e-05
241.645,0.043521,0.0330245,0.0243901,0.0172371,0.0108916,0.0065056,0.0033321,0.0012583,0.0003822,8.48e-05,3.29e-05,3.94e-05,2.54e-05
242.258,0.0436639,0.0331603,0.0245148,0.0173412,0.0109832,0.0065762,0.0033803,0.0012885,0.0003964,8.55e-05,3.26e-05,3.91e-05,2.49e-05
242.871,0.0438067,0.0332962,0.0246396,0.0174452,0.0110748,0.0066467,0.0034286,0.0013187,0.0004107,8.62e-05,3.24e-05,3.89e-05,2.45e-05
243.484,0.0439496,0.033432,0.0247643,0.0175493,0.0111663,0.0067173,0.0034768,0.001349,0.0004249,8.69e-05,3.21e-05,3.86e-05,2.4e-05
244.097,0.0440925,0.0335679,0.0248891,0.0176534,0.0112579,0.0067878,0.003525,0.0013792,0.0004391,8.76e-05,3.18e-05,3.84e-05,2.36e-05
244.711,0.0442354,0.0337037,0.0250138,0.0177575,0.0113495,0.0068584,0.0035732,0.0014094,0.0004533,8.83e-05,3.16e-05,3.81e-05,2.31e-05
245.324,0.0443782,0.0338395,0.0251386,0.0178616,0.0114432,0.0069289,0.0036214,0.0014396,0.0004676,8.9e-05,3.13e-05,3.79e-05,2.27e-05
245.937,0.0445211,0.0339754,0.0252633,0.0179657,0.0115431,0.0069994,0.0036696,0.0014698,0.0004818,8.97e-05,3.11e-05,3.76e-05,2.22e-05
246.55,0.044664,0.0341112,0.0253881,0.0180698,0.011643,0.00707,0.0037178,0.0015,0.000496,9.04e-05,3.08e-05,3.74e-05,2.18e-05
247.163,0.0448068,0.0342471,0.0255128,0.0181738,0.0117429,0.0071405,0.0037701,0.0015303,0.0005102,9.11e-05,3.05e-05,3.71e-05,2.14e-05
247.776,0.0449497,0.0343829,0.0256376,0.0182779,0.0118428,0.0072111,0.003827,0.0015605,0.0005245,9.18e-05,3.03e-05,3.68e-05,2.09e-05
248.389,0.0450926,0.0345188,0.0257623,0.018382,0.0119427,0.0072816,0.0038839,0.0015907,0.0005387,9.25e-05,3e-05,3.66e-05,2.05e-05
249.002,0.0452355,0.0346546,0.0258871,0.0184898,0.0120427,0.0073521,0.0039408,0.0016209,0.0005529,9.32e-05,2.98e-05,3.63e-05,2e-05
249.615,0.0453783,0.0347905,0.0260118,0.0185998,0.0121426,0.0074227,0.0039977,0.0016511,0.0005723,9.39e-05,2.95e-05,3.61e-05,1.96e-05
250.228,0.0455212,0.0349263,0.0261366,0.0187098,0.0122425,0.0074932,0.0040546,0.0016813,0.0005933,9.46e-05,2.92e-05,3.58e-05,1.91e-05
250.841,0.0456641,0.0350621,0.0262613,0.0188197,0.0123424,0.0075638,0.0041114,0.0017115,0.0006143,9.53e-05,2.9e-05,3.56e-05,1.87e-05
251.455,0.045807,0.035198,0.0263861,0.0189297,0.0124423,0.0076388,0.0041683,0.0017418,0.0006354,9.6e-05,2.87e-05,3.53e-05,1.83e-05
252.068,0.0459498,0.0353338,0.0265108,0.0190397,0.0125422,0.0077195,0.0042252,0.0017736,0.0006564,9.67e-05,2.85e-05,3.51e-05,1.78e-05
252.681,0.0460927,0.0354697,0.0266356,0.0191497,0.0126421,0.0078001,0.0042821,0.0018158,0.0006774,9.74e-05,2.82e-05,3.48e-05,1.77e-05
253.294,0.0462356,0.0356055,0.0267603,0.0192596,0.0127421,0.0078808,0.004339,0.0018581,0.0006984,9.81e-05,2.79e-05,3.46e-05,1.8e-05
253.907,0.0463785,0.0357414,0.0268851,0.0193696,0.012842,0.0079615,0.0043959,0.0019004,0.0007194,9.88e-05,2.77e-05,3.43e-05,1.84e-05
254.52,0.0465213,0.0358772,0.0270118,0.0194796,0.0129419,0.0080421,0.0044528,0.0019427,0.0007404,9.95e-05,2.74e-05,3.41e-05,1.87e-05
255.133,0.0466642,0.0360131,0.0271509,0.0195895,0.0130418,0.0081228,0.0045097,0.0019849,0.0007614,0.0001002,2.72e-05,3.38e-05,1.9e-05
255.746,0.0468071,0.0361489,0.0272899,0.0196995,0.0131417,0.0082034,0.0045666,0.0020272,0.0007824,0.0001009,2.69e-05,3.35e-05,1.93e-05
256.359,0.0469499,0.0362847,0.0274289,0.0198095,0.0132416,0.0082841,0.0046235,0.0020695,0.0008034,0.0001016,2.66e-05,3.33e-05,1.97e-05
256.972,0.0470928,0.0364206,0.027568,0.0199195,0.0133416,0.0083648,0.0046804,0.0021117,0.0008244,0.0001023,2.64e-05,3.3e-05,2e-05
257.585,0.0472357,0.0365564,0.027707,0.0200294,0.0134415,0.0084454,0.0047372,0.002154,0.0008455,0.000103,2.61e-05,3.28e-05,2.03e-05
258.198,0.0473786,0.0366923,0.0278461,0.0201394,0.0135414,0.0085261,0.0047941,0.0021963,0.0008665,0.0001037,2.59e-05,3.25e-05,2.07e-05
258.812,0.0475214,0.0368281,0.0279851,0.0202494,0.0136413,0.0086067,0.004851,0.0022386,0.0008875,0.0001044,2.56e-05,3.23e-05,2.1e-05
259.425,0.0476643,0.036964,0.0281242,0.0203593,0.0137412,0.0086874,0.0049079,0.0022808,0.0009085,0.0001051,2.53e-05,3.2e-05,2.13e-05
260.038,0.0478072,0.0370998,0.0282632,0.0204693,0.0138437,0.0087681,0.0049648,0.0023231,0.0009295,0.0001058,2.51e-05,3.18e-05,2.16e-05
260.651,0.0479501,0.0372357,0.0284022,0.0205793,0.0139493,0.0088487,0.0050217,0.0023654,0.0009505,0.0001065,2.48e-05,3.15e-05,2.2e-05
261.264,0.0480929,0.0373715,0.0285413,0.0206893,0.014055,0.0089294,0.0050786,0.0024076,0.0009715,0.0001155,2.46e-05,3.13e-05,2.23e-05
261.877,0.0482358,0.0375073,0.0286803,0.0207992,0.0141606,0.00901,0.0051355,0.0024499,0.0009925,0.0001289,2.43e-05,3.1e-05,2.26e-05
262.49,0.0483787,0.0376432,0.0288194,0.0209092,0.0142662,0.0090907,0.0051924,0.0024922,0.0010135,0.0001422,2.4e-05,3.08e-05,2.3e-05
263.103,0.0485216,0.037779,0.0289584,0.0210192,0.0143718,0.0091714,0.0052493,0.0025345,0.0010345,0.0001556,2.38e-05,3.05e-05,2.33e-05
263.716,0.0486644,0.0379149,0.0290975,0.0211291,0.0144775,0.009252,0.0053061,0.0025767,0.0010556,0.000169,2.35e-05,3.02e-05,2.36e-05
264.329,0.0488073,0.0380507,0.0292365,0.0212391,0.0145831,0.0093327,0.0053714,0.002619,0.0010766,0.0001823,2.33e-05,3e-05,2.39e-05
264.942,0.0489502,0.0381866,0.0293755,0.0213553,0.0146887,0.0094156,0.0054378,0.0026613,0.0010976,0.0001957,2.3e-05,2.97e-05,2.43e-05
265.555,0.049093,0.0383224,0.0295146,0.0214773,0.0147943,0.0095074,0.0055042,0.0027036,0.0011186,0.000209,2.27e-05,2.95e-05,2.46e-05
266.169,0.0492359,0.0384583,0.0296536,0.0215993,0.0149,0.0095993,0.0055707,0.0027458,0.0011396,0.0002224,2.25e-05,2.92e-05,2.49e-05
266.782,0.0493788,0.0385941,0.0297927,0.0217212,0.0150056,0.0096911,0.0056371,0.0027881,0.0011606,0.0002358,2.22e-05,2.9e-05,2.53e-05
267.395,0.0495217,0.0387299,0.0299317,0.0218432,0.0151112,0.009783,0.0057035,0.0028304,0.0011816,0.0002491,2.2e-05,2.87e-05,2.56e-05
268.008,0.0496645,0.0388658,0.0300708,0.0219652,0.0152169,0.0098748,0.0057699,0.0028726,0.0012109,0.0002625,2.17e-05,2.85e-05,2.59e-05
268.621,0.0498074,0.0390016,0.0302098,0.0220871,0.0153225,0.0099667,0.0058363,0.0029149,0.0012409,0.0002758,2.14e-05,2.82e-05,2.62e-05
269.234,0.0499503,0.0391375,0.0303488,0.0222091,0.0154281,0.0100585,0.0059027,0.0029622,0.0012709,0.0002892,2.12e-05,2.8e-05,2.66e-05
269.847,0.0500932,0.0392733,0.0304879,0.022331,0.0155337,0.0101504,0.0059691,0.0030136,0.0013009,0.0003026,2.09e-05,2.77e-05,2.69e-05
270.46,0.050236,0.0394092,0.0306269,0.022453,0.0156394,0.0102422,0.0060356,0.003065,0.0013309,0.0003159,2.07e-05,2.75e-05,2.72e-05
271.073,0.0503789,0.039545,0.0307677,0.022575,0.015745,0.0103341,0.006102,0.0031164,0.001361,0.0003293,2.04e-05,2.72e-05,2.76e-05
271.686,0.0505218,0.0396809,0.0309084,0.0226969,0.0158506,0.0104259,0.0061684,0.0031678,0.001391,0.0003426,2.01e-05,2.7e-05,2.79e-05
272.299,0.0506646,0.0398167,0.0310492,0.0228189,0.0159555,0.0105178,0.0062348,0.0032192,0.001421,0.000356,1.99e-05,2.67e-05,2.82e-05
272.913,0.0508075,0.0399525,0.0311899,0.0229409,0.0160596,0.0106096,0.0063012,0.0032706,0.001451,0.0003693,1.96e-05,2.64e-05,2.86e-05
273.526,0.0509504,0.0400884,0.0313307,0.0230628,0.0161637,0.0107015,0.0063676,0.003322,0.001481,0.0003827,1.94e-05,2.62e-05,2.89e-05
274.139,0.0510933,0.0402242,0.0314715,0.0231848,0.0162677,0.0107933,0.006434,0.0033734,0.0015111,0.0003961,1.91e-05,2.59e-05,2.92e-05
274.752,0.0512361,0.0403601,0.0316122,0.0233067,0.0163718,0.0108852,0.0065004,0.0034247,0.0015411,0.0004094,1.88e-05,2.57e-05,2.95e-05
275.365,0.051379,0.0404959,0.031753,0.0234287,0.0164759,0.010977,0.0065669,0.0034761,0.0015711,0.0004228,1.86e-05,2.54e-05,2.99e-05
275.978,0.0515219,0.0406318,0.0318937,0.0235507,0.01658,0.0110689,0.0066333,0.0035275,0.0016011,0.0004361,1.83e-05,2.52e-05,3.02e-05
276.591,0.0516648,0.0407676,0.0320345,0.0236726,0.0166841,0.0111607,0.0066997,0.0035789,0.0016311,0.0004495,1.81e-05,2.49e-05,3.05e-05
277.204,0.0518076,0.0409035,0.0321752,0.0237946,0.0167882,0.0112526,0.0067661,0.0036303,0.0016612,0.0004629,1.78e-05,2.47e-05,3.09e-05
277.817,0.0519505,0.0410393,0.032316,0.0239166,0.0168922,0.0113445,0.0068325,0.0036817,0.0016912,0.0004826,1.75e-05,2.44e-05,3.12e-05
278.43,0.0520934,0.0411751,0.0324567,0.0240385,0.0169963,0.0114348,0.0068989,0.0037331,0.0017212,0.0005033,1.73e-05,2.42e-05,3.15e-05
279.043,0.0522363,0.041311,0.0325975,0.0241605,0.0171004,0.0115246,0.0069653,0.0037845,0.0017512,0.0005239,1.7e-05,2.39e-05,3.18e-05
279.656,0.0523791,0.0414468,0.0327382,0.0242824,0.0172045,0.0116144,0.0070318,0.0038359,0.0017812,0.0005446,1.68e-05,2.37e-05,3.22e-05
280.27,0.052522,0.0415827,0.032879,0.0244044,0.0173086,0.0117042,0.0070982,0.0038872,0.0018112,0.0005653,1.65e-05,2.34e-05,3.25e-05
280.883,0.0526649,0.0417185,0.0330198,0.0245262,0.0174127,0.011794,0.0071646,0.0039386,0.0018413,0.0005859,1.62e-05,2.31e-05,3.28e-05
281.496,0.0528077,0.0418544,0.0331605,0.0246479,0.0175168,0.0118837,0.0072376,0.00399,0.0018713,0.0006066,1.6e-05,2.29e-05,3.32e-05
282.109,0.0529506,0.0419902,0.0333013,0.0247696,0.0176208,0.0119735,0.0073168,0.0040414,0.0019013,0.0006273,1.57e-05,2.26e-05,3.35e-05
282.722,0.0530935,0.0421261,0.033442,0.0248912,0.0177249,0.0120633,0.007396,0.0040928,0.0019313,0.0006479,1.55e-05,2.24e-05,3.38e-05
283.335,0.0532364,0.0422619,0.0335828,0.0250129,0.017829,0.0121531,0.0074752,0.0041442,0.0019613,0.0006686,2.17e-05,2.21e-05,3.41e-05
283.948,0.0533792,0.0423977,0.0337235,0.0251345,0.0179331,0.0122429,0.0075545,0.0041956,0.0019914,0.0006892,3.04e-05,2.19e-05,3.45e-05
284.561,0.0535221,0.0425336,0.0338643,0.0252562,0.0180372,0.0123326,0.0076337,0.004247,0.0020214,0.0007099,3.92e-05,2.16e-05,3.48e-05
285.174,0.053665,0.0426694,0.034005,0.0253779,0.0181413,0.0124224,0.0077129,0.0042984,0.0020514,0.0007306,4.79e-05,2.14e-05,3.51e-05
285.787,0.0538079,0.0428053,0.0341458,0.0254995,0.0182453,0.0125122,0.0077922,0.0043497,0.002082,0.0007512,5.67e-05,2.11e-05,3.55e-05
286.4,0.0539507,0.0429411,0.0342866,0.0256212,0.0183494,0.012602,0.0078714,0.0044011,0.0021222,0.0007719,6.55e-05,2.09e-05,3.58e-05
287.013,0.0540936,0.043077,0.0344273,0.0257429,0.0184535,0.0126918,0.0079506,0.0044525,0.0021624,0.0007925,7.42e-05,2.06e-05,3.61e-05
287.627,0.0542365,0.0432128,0.0345681,0.0258645,0.0185639,0.0127816,0.0080298,0.0045039,0.0022027,0.0008132,8.3e-05,2.04e-05,3.64e-05
288.24,0.0543794,0.0433487,0.0347088,0.0259862,0.0186749,0.0128713,0.0081091,0.0045565,0.0022429,0.0008339,9.17e-05,2.01e-05,3.68e-05
288.853,0.0545222,0.0434845,0.0348496,0.0261078,0.0187859,0.0129611,0.0081883,0.0046167,0.0022832,0.0008545,0.0001005,1.98e-05,3.71e-05
289.466,0.0546651,0.0436203,0.0349903,0.0262295,0.0188969,0.0130509,0.0082675,0.004677,0.0023234,0.0008752,0.0001092,1.96e-05,3.74e-05
290.079,0.054808,0.0437562,0.0351311,0.0263512,0.0190079,0.0131407,0.0083467,0.0047372,0.0023636,0.0008959,0.000118,1.93e-05,3.78e-05
290.692,0.0549508,0.043892,0.0352718,0.0264728,0.0191189,0.0132305,0.008426,0.0047974,0.0024039,0.0009165,0.0001267,1.91e-05,3.81e-05
291.305,0.0550937,0.0440279,0.0354126,0.0265945,0.0192299,0.0133237,0.0085052,0.0048577,0.0024441,0.0009372,0.0001355,1.88e-05,3.84e-05
291.918,0.0552366,0.0441637,0.0355534,0.0267161,0.0193409,0.0134289,0.0085844,0.0049179,0.0024844,0.0009578,0.0001442,1.86e-05,3.87e-05
292.531,0.0553795,0.0442996,0.0356941,0.0268378,0.0194519,0.013534,0.0086636,0.0049781,0.0025246,0.0009785,0.000153,1.83e-05,3.91e-05
293.144,0.0555223,0.0444354,0.0358349,0.0269595,0.0195629,0.0136392,0.0087429,0.0050383,0.0025649,0.0009992,0.0001617,1.81e-05,3.94e-05
293.757,0.0556652,0.0445713,0.0359756,0.0270811,0.0196739,0.0137444,0.0088221,0.0050986,0.0026051,0.0010222,0.0001705,1.78e-05,3.97e-05
294.371,0.0558081,0.0447071,0.0361164,0.0272028,0.0197849,0.0138496,0.0089013,0.0051588,0.0026453,0.0010456,0.0001792,1.76e-05,4.01e-05
294.984,0.055951,0.0448429,0.0362571,0.0273244,0.0198959,0.0139548,0.0089805,0.005219,0.0026856,0.001069,0.000188,1.73e-05,4.04e-05
295.597,0.0560938,0.0449788,0.0363979,0.0274461,0.0200069,0.01406,0.0090598,0.0052793,0.0027258,0.0010924,0.0001968,1.71e-05,4.07e-05
296.21,0.0562367,0.0451146,0.0365386,0.0275678,0.0201179,0.0141652,0.009143,0.0053395,0.0027661,0.0011158,0.0002055,1.68e-05,4.11e-05
296.823,0.0563796,0.0452505,0.0366794,0.0276894,0.0202289,0.0142704,0.0092277,0.0053997,0.0028063,0.0011392,0.0002143,1.65e-05,4.14e-05
297.436,0.0565225,0.0453863,0.0368201,0.0278111,0.0203399,0.0143756,0.0093124,0.00546,0.0028465,0.0011626,0.000223,1.63e-05,4.17e-05
298.049,0.0566653,0.0455222,0.0369609,0.0279378,0.0204509,0.0144808,0.009397,0.0055202,0.0028868,0.001186,0.0002318,1.6e-05,4.2e-05
298.662,0.0568082,0.045658,0.0371017,0.0280662,0.0205619,0.014586,0.0094817,0.0055804,0.002927,0.0012094,0.0002405,1.58e-05,4.24e-05
299.275,0.0569511,0.0457939,0.0372424,0.0281947,0.0206729,0.0146912,0.0095664,0.0056407,0.0029673,0.0012328,0.0002493,1.55e-05,4.27e-05
299.888,0.0570939,0.0459297,0.0373832,0.0283231,0.0207839,0.0147964,0.0096511,0.0057009,0.0030075,0.0012562,0.000258,1.53e-05,4.3e-05
300.501,0.0572368,0.0460655,0.0375239,0.0284516,0.0208949,0.0149016,0.0097358,0.0057611,0.0030478,0.0012796,0.0002668,1.5e-05,4.34e-05
301.114,0.0573797,0.0462014,0.0376647,0.02858,0.0210059,0.0150068,0.0098205,0.0058213,0.0030934,0.001303,0.0002755,1.48e-05,4.37e-05
301.728,0.0575226,0.0463372,0.0378054,0.0287085,0.0211171,0.015112,0.0099051,0.0058816,0.0031435,0.0013264,0.0002854,1.45e-05,4.4e-05
302.341,0.0576654,0.0464731,0.0379462,0.0288369,0.0212283,0.0152172,0.0099898,0.0059418,0.0031937,0.0013498,0.0003039,1.43e-05,4.43e-05
302.954,0.0578083,0.0466089,0.0380869,0.0289654,0.0213395,0.0153223,0.0100745,0.006002,0.0032438,0.0013732,0.0003225,1.4e-05,4.47e-05
303.567,0.0579512,0.0467448,0.0382277,0.0290938,0.0214506,0.0154275,0.0101592,0.0060623,0.003294,0.0013966,0.000341,2.03e-05,4.5e-05
304.18,0.0580941,0.0468806,0.0383685,0.0292223,0.0215618,0.0155327,0.0102439,0.0061233,0.0033442,0.00142,0.0003596,2.8e-05,4.53e-05
304.793,0.0582369,0.0470165,0.0385092,0.0293507,0.021673,0.0156379,0.0103285,0.0061946,0.0033943,0.0014434,0.0003781,3.57e-05,4.57e-05
305.406,0.0583798,0.0471523,0.03865,0.0294792,0.0217842,0.0157431,0.0104132,0.0062659,0.0034445,0.0014668,0.0003967,4.34e-05,4.6e-05
306.019,0.0585227,0.0472881,0.0387907,0.0296076,0.0218954,0.0158483,0.0104979,0.0063371,0.0034946,0.0014902,0.0004152,5.11e-05,4.63e-05
306.632,0.0586656,0.047424,0.0389315,0.0297361,0.0220066,0.0159535,0.0105826,0.0064084,0.0035448,0.0015136,0.0004338,5.88e-05,4.66e-05
307.245,0.0588084,0.0475598,0.0390722,0.0298645,0.0221178,0.0160587,0.0106673,0.0064797,0.003595,0.001537,0.0004523,6.65e-05,4.7e-05
307.858,0.0589513,0.0476957,0.039213,0.029993,0.022229,0.0161646,0.0107519,0.006551,0.0036451,0.0015699,0.0004709,7.42e-05,4.73e-05
308.472,0.0590942,0.0478315,0.0393537,0.0301214,0.0223401,0.0162717,0.0108366,0.0066223,0.0036953,0.0016039,0.0004894,8.19e-05,4.76e-05
309.085,0.059237,0.0479674,0.0394945,0.0302499,0.0224513,0.0163788,0.0109213,0.0066936,0.0037454,0.0016379,0.000508,8.96e-05,4.8e-05
309.698,0.0593799,0.0481032,0.0396353,0.0303783,0.0225625,0.0164859,0.0110107,0.0067648,0.0037956,0.0016719,0.0005265,9.73e-05,4.83e-05
310.311,0.0595228,0.0482391,0.039776,0.0305068,0.0226737,0.0165931,0.0111051,0.0068361,0.0038457,0.0017059,0.0005451,0.000105,4.86e-05
310.924,0.0596657,0.0483749,0.0399168,0.0306352,0.0227849,0.0167002,0.0111996,0.0069074,0.0038959,0.0017399,0.0005636,0.0001127,4.89e-05
311.537,0.0598085,0.0485108,0.0400575,0.0307637,0.0228961,0.0168073,0.011294,0.0069787,0.0039461,0.0017738,0.0005822,0.0001204,4.93e-05
312.15,0.0599514,0.0486466,0.0401983,0.0308887,0.0230073,0.0169144,0.0113884,0.00705,0.0039962,0.0018078,0.0006007,0.0001281,4.96e-05
312.763,0.0600943,0.0487824,0.040339,0.0310121,0.0231184,0.0170215,0.0114828,0.0071213,0.0040464,0.0018418,0.0006193,0.0001358,4.99e-05
313.376,0.0602372,0.0489183,0.0404798,0.0311356,0.0232296,0.0171287,0.0115773,0.0071925,0.0040965,0.0018758,0.0006378,0.0001435,5.03e-05
313.989,0.06038,0.0490541,0.0406205,0.0312591,0.0233408,0.0172358,0.0116717,0.0072638,0.0041467,0.0019098,0.0006564,0.0001512,5.06e-05
314.602,0.0605229,0.04919,0.0407613,0.0313825,0.023452,0.0173429,0.0117661,0.0073351,0.0041969,0.0019438,0.0006749,0.0001589,5.09e-05
315.215,0.0606658,0.0493258,0.040902,0.031506,0.0235632,0.01745,0.0118605,0.0074064,0.004247,0.0019778,0.0006935,0.0001666,5.12e-05
315.829,0.0608086,0.0494617,0.0410428,0.0316294,0.0236749,0.0175571,0.011955,0.0074777,0.0042972,0.0020118,0.000712,0.0001743,5.16e-05
316.442,0.0609515,0.0495975,0.0411836,0.0317529,0.0237934,0.0176642,0.0120494,0.007549,0.0043473,0.0020458,0.0007306,0.000182,5.19e-05
317.055,0.0610944,0.0497334,0.0413243,0.0318764,0.023912,0.0177714,0.0121438,0.0076203,0.0043975,0.0020798,0.0007491,0.0001897,5.22e-05
317.668,0.0612373,0.0498692,0.0414651,0.0319998,0.0240306,0.0178785,0.0122383,0.0076915,0.0044564,0.0021138,0.0007677,0.0001974,5.26e-05
318.281,0.0613801,0.050005,0.0416058,0.0321233,0.0241492,0.0179856,0.0123327,0.0077628,0.0045187,0.0021477,0.0007862,0.0002051,5.29e-05
318.894,0.061523,0.0501409,0.0417466,0.0322468,0.0242678,0.0180927,0.0124271,0.0078341,0.004581,0.0021817,0.0008048,0.0002128,5.32e-05
319.507,0.0616659,0.0502767,0.0418873,0.0323702,0.0243863,0.0181998,0.0125215,0.0079099,0.0046432,0.0022157,0.0008233,0.0002205,5.35e-05
320.12,0.0618088,0.0504126,0.0420281,0.0324937,0.0245049,0.018307,0.012616,0.0079896,0.0047055,0.0022497,0.0008419,0.0002282,5.39e-05
320.733,0.0619516,0.0505484,0.0421688,0.0326171,0.0246235,0.0184141,0.0127104,0.0080694,0.0047678,0.0022837,0.0008604,0.0002359,5.42e-05
321.346,0.0620945,0.0506843,0.0423096,0.0327406,0.0247421,0.0185212,0.0128048,0.0081491,0.0048301,0.0023177,0.0008828,0.0002436,5.45e-05
321.959,0.0622374,0.0508201,0.0424504,0.0328641,0.0248606,0.0186282,0.0129002,0.0082289,0.0048924,0.0023533,0.0009066,0.0002513,5.49e-05
322.572,0.0623803,0.050956,0.0425911,0.0329875,0.0249792,0.018735,0.0129963,0.0083086,0.0049547,0.0023977,0.0009304,0.000259,5.52e-05
323.186,0.0625231,0.0510918,0.0427319,0.033111,0.0250978,0.0188417,0.0130925,0.0083884,0.0050169,0.0024421,0.0009541,0.0002667,5.55e-05
323.799,0.062666,0.0512276,0.0428726,0.0332345,0.0252164,0.0189485,0.0131886,0.0084681,0.0050792,0.0024865,0.0009779,0.0002744,5.59e-05
324.412,0.0628089,0.0513635,0.0430134,0.0333579,0.025335,0.0190552,0.0132848,0.0085478,0.0051415,0.0025309,0.0010017,0.0002821,5.62e-05
325.025,0.0629517,0.0514993,0.0431541,0.0334814,0.0254535,0.019162,0.013381,0.0086276,0.0052038,0.0025753,0.0010255,0.0002898,5.65e-05
325.638,0.0630946,0.0516352,0.0432949,0.0336048,0.0255721,0.0192688,0.0134771,0.0087073,0.0052661,0.0026197,0.0010493,0.0002975,5.68e-05
326.251,0.0632375,0.051771,0.0434356,0.0337283,0.0256907,0.0193755,0.0135733,0.0087871,0.0053284,0.0026641,0.001073,0.0003052,5.85e-05
326.864,0.0633804,0.0519069,0.0435764,0.0338518,0.0258093,0.0194823,0.0136694,0.0088668,0.0053906,0.0027085,0.0010968,0.0003129,6.28e-05
327.477,0.0635232,0.0520427,0.0437172,0.0339752,0.0259279,0.019589,0.0137656,0.0089466,0.0054529,0.0027529,0.0011206,0.0003206,6.7e-05
328.09,0.0636661,0.0521786,0.0438579,0.0340987,0.0260464,0.0196958,0.0138617,0.0090263,0.0055152,0.0027973,0.0011444,0.0003313,7.12e-05
328.703,0.063809,0.0523144,0.0439987,0.0342221,0.026165,0.0198026,0.0139579,0.009106,0.0055775,0.0028417,0.0011682,0.0003495,7.54e-05
329.316,0.0639519,0.0524502,0.0441394,0.0343456,0.0262836,0.0199093,0.0140541,0.0091858,0.0056398,0.0028861,0.0011919,0.0003677,7.97e-05
329.93,0.0640947,0.0525861,0.0442802,0.0344691,0.0264022,0.0200161,0.0141502,0.0092655,0.0057021,0.0029305,0.0012157,0.0003859,8.39e-05
330.543,0.0642376,0.0527219,0.0444209,0.0345925,0.0265207,0.0201228,0.0142464,0.0093453,0.0057643,0.0029749,0.0012395,0.0004041,8.81e-05
331.156,0.0643805,0.0528578,0.0445617,0.034716,0.0266393,0.0202296,0.0143425,0.009425,0.0058266,0.0030193,0.0012633,0.0004223,9.23e-05
331.769,0.0645234,0.0529936,0.0447024,0.0348395,0.0267554,0.0203364,0.0144387,0.0095048,0.0058889,0.0030637,0.0012871,0.0004405,9.65e-05
332.382,0.0646662,0.0531295,0.0448432,0.0349629,0.0268704,0.0204431,0.0145349,0.0095845,0.0059525,0.0031081,0.0013108,0.0004587,0.0001008
332.995,0.0648091,0.0532653,0.0449839,0.0350864,0.0269855,0.0205499,0.014631,0.0096642,0.0060162,0.0031525,0.0013346,0.0004769,0.000105
333.608,0.064952,0.0534012,0.0451247,0.0352098,0.0271005,0.0206566,0.0147272,0.009744,0.0060798,0.0031969,0.0013584,0.0004951,0.0001092
334.221,0.0650948,0.053537,0.0452655,0.0353333,0.0272156,0.0207634,0.0148233,0.0098237,0.0061435,0.0032413,0.0013822,0.0005133,0.0001134
334.834,0.0652377,0.0536728,0.0454062,0.0354568,0.0273306,0.0208702,0.0149195,0.0099065,0.0062072,0.0032857,0.001406,0.0005315,0.0001177
335.447,0.0653806,0.0538087,0.045547,0.0355802,0.0274457,0.0209775,0.0150156,0.01,0.0062708,0.0033302,0.0014297,0.0005497,0.0001219
336.06,0.0655235,0.0539445,0.0456877,0.0357037,0.0275607,0.0210965,0.0151118,0.0100935,0.0063345,0.0033799,0.0014559,0.0005679,0.0001261
336.673,0.0656663,0.0540804,0.0458285,0.0358272,0.0276758,0.0212156,0.0152111,0.0101871,0.0063982,0.0034301,0.0014896,0.0005861,0.0001303
337.287,0.0658092,0.0542162,0.0459692,0.0359506,0.0277909,0.0213346,0.0153116,0.0102806,0.0064618,0.0034802,0.0015233,0.0006043,0.0001345
337.9,0.0659521,0.0543521,0.04611,0.0360741,0.0279059,0.0214537,0.015412,0.0103741,0.0065255,0.0035304,0.001557,0.0006225,0.0001388
338.513,0.066095,0.0544879,0.0462507,0.0361975,0.028021,0.0215728,0.0155124,0.0104676,0.0065892,0.0035805,0.0015907,0.0006407,0.000143
339.126,0.0662378,0.0546238,0.0463915,0.036321,0.028136,0.0216918,0.0156129,0.0105612,0.0066528,0.0036307,0.0016244,0.0006589,0.0001472
339.739,0.0663807,0.0547596,0.0465323,0.0364445,0.0282511,0.0218109,0.0157133,0.0106547,0.0067165,0.0036809,0.0016581,0.0006772,0.0001514
340.352,0.0665236,0.0548954,0.046673,0.0365679,0.0283661,0.0219299,0.0158138,0.0107482,0.0067802,0.003731,0.0016918,0.0006954,0.0001557
340.965,0.0666665,0.0550313,0.0468138,0.0366914,0.0284812,0.022049,0.0159142,0.0108417,0.0068438,0.0037812,0.0017255,0.0007136,0.0001599
341.578,0.0668093,0.0551671,0.0469545,0.0368148,0.0285962,0.0221681,0.0160147,0.0109353,0.0069075,0.0038313,0.0017592,0.0007318,0.0001641
342.191,0.0669522,0.055303,0.0470953,0.0369383,0.0287113,0.0222871,0.0161151,0.0110288,0.0069712,0.0038815,0.0017929,0.00075,0.0001683
342.804,0.0670951,0.0554388,0.047236,0.0370618,0.0288263,0.0224062,0.0162155,0.0111223,0.0070348,0.0039316,0.0018266,0.0007682,0.0001726
343.417,0.0672379,0.0555747,0.0473768,0.0371852,0.0289414,0.0225252,0.016316,0.0112159,0.0070985,0.0039818,0.0018603,0.0007864,0.0001768
344.03,0.0673808,0.0557105,0.0475175,0.0373087,0.0290564,0.0226443,0.0164164,0.0113094,0.0071622,0.0040319,0.001894,0.0008046,0.000181
344.644,0.0675237,0.0558464,0.0476583,0.0374322,0.0291715,0.0227634,0.0165169,0.0114029,0.0072258,0.0040821,0.0019277,0.0008228,0.0001852
345.257,0.0676666,0.0559822,0.047799,0.0375556,0.0292865,0.0228824,0.0166173,0.0114964,0.0072895,0.0041322,0.0019614,0.000841,0.0001894
345.87,0.0678094,0.056118,0.0479398,0.0376791,0.0294016,0.0230015,0.0167178,0.01159,0.0073532,0.0041824,0.0019951,0.0008592,0.0001937
346.483,0.0679523,0.0562539,0.0480806,0.0378025,0.0295166,0.0231205,0.0168182,0.0116835,0.0074168,0.0042325,0.0020288,0.0008774,0.0001979
347.096,0.0680952,0.0563897,0.0482213,0.037926,0.0296317,0.0232396,0.0169187,0.011777,0.0074805,0.0042827,0.0020625,0.0008956,0.0002021
347.709,0.0682381,0.0565256,0.0483621,0.0380495,0.0297468,0.0233586,0.0170191,0.0118705,0.0075442,0.0043328,0.0020962,0.0009138,0.0002063
348.322,0.0683809,0.0566614,0.0485028,0.0381729,0.0298618,0.0234775,0.0171195,0.0119641,0.0076217,0.004383,0.0021299,0.000932,0.0002106
348.935,0.0685238,0.0567973,0.0486436,0.0382964,0.0299769,0.0235964,0.01722,0.0120567,0.0077009,0.0044351,0.0021636,0.0009502,0.0002148
349.548,0.0686667,0.0569331,0.0487843,0.0384199,0.0300919,0.0237153,0.0173204,0.0121454,0.0077801,0.0044895,0.0021973,0.0009747,0.000219
350.161,0.0688095,0.057069,0.0489251,0.0385433,0.030207,0.0238342,0.0174209,0.0122341,0.0078594,0.0045438,0.002231,0.0010004,0.0002232
350.774,0.0689524,0.0572048,0.0490658,0.0386668,0.030322,0.0239531,0.0175213,0.0123228,0.0079386,0.0045981,0.0022647,0.0010261,0.0002274
351.388,0.0690953,0.0573406,0.0492066,0.0387902,0.0304371,0.024072,0.0176238,0.0124115,0.0080178,0.0046525,0.0022984,0.0010518,0.0002317
352.001,0.0692382,0.0574765,0.0493474,0.0389137,0.0305521,0.0241909,0.0177365,0.0125002,0.008097,0.0047068,0.0023393,0.0010775,0.0002389
352.614,0.069381,0.0576123,0.0494881,0.0390372,0.0306672,0.0243098,0.0178491,0.0125889,0.0081763,0.0047612,0.0023805,0.0011032,0.000254
353.227,0.0695239,0.0577482,0.0496289,0.0391606,0.0307822,0.0244287,0.0179618,0.0126776,0.0082555,0.0048155,0.0024217,0.0011289,0.0002691
353.84,0.0696668,0.057884,0.0497696,0.0392841,0.0308973,0.0245476,0.0180745,0.0127663,0.0083347,0.0048698,0.0024629,0.0011546,0.0002842
354.453,0.0698097,0.0580199,0.0499104,0.0394075,0.0310123,0.0246665,0.0181871,0.012855,0.008414,0.0049242,0.0025041,0.0011803,0.0002993
355.066,0.0699525,0.0581557,0.0500511,0.039531,0.0311274,0.0247854,0.0182998,0.0129437,0.0084932,0.0049785,0.0025453,0.001206,0.0003144
355.679,0.0700954,0.0582916,0.0501919,0.0396545,0.0312424,0.0249043,0.0184125,0.0130324,0.0085724,0.0050329,0.0025865,0.0012317,0.0003295
356.292,0.0702383,0.0584274,0.0503326,0.0397779,0.0313575,0.0250232,0.0185251,0.0131211,0.0086517,0.0050872,0.0026277,0.0012574,0.0003446
356.905,0.0703812,0.0585632,0.0504734,0.0399014,0.0314726,0.0251421,0.0186378,0.0132098,0.0087309,0.0051415,0.0026689,0.0012831,0.0003597
357.518,0.070524,0.0586991,0.0506142,0.0400249,0.0315876,0.025261,0.0187504,0.0132985,0.0088101,0.0051959,0.0027101,0.0013088,0.0003748
358.131,0.0706669,0.0588349,0.0507549,0.0401483,0.0317027,0.0253799,0.0188631,0.0133872,0.0088894,0.0052502,0.0027513,0.0013345,0.00039
358.745,0.0708098,0.0589708,0.0508957,0.0402718,0.0318177,0.0254988,0.0189758,0.0134759,0.0089686,0.0053045,0.0027925,0.0013602,0.0004051
359.358,0.0709526,0.0591066,0.0510364,0.0403952,0.0319328,0.0256177,0.0190884,0.0135646,0.0090478,0.0053589,0.0028337,0.0013859,0.0004202
359.971,0.0710955,0.0592425,0.0511772,0.0405187,0.0320478,0.0257366,0.0192011,0.0136533,0.009127,0.0054132,0.0028749,0.0014116,0.0004353
360.584,0.0712384,0.0593783,0.0513179,0.0406422,0.0321629,0.0258555,0.0193138,0.013742,0.0092063,0.0054676,0.0029161,0.0014373,0.0004504
361.197,0.0713813,0.0595142,0.0514587,0.0407656,0.0322779,0.0259744,0.0194264,0.0138307,0.0092855,0.0055219,0.0029573,0.001463,0.0004655
361.81,0.0715241,0.05965,0.0515994,0.0408891,0.032393,0.0260933,0.0195391,0.0139195,0.0093647,0.0055764,0.0029985,0.0014887,0.0004806
362.423,0.071667,0.0597858,0.0517402,0.0410126,0.032508,0.0262122,0.0196518,0.0140082,0.0094445,0.0056389,0.0030397,0.0015144,0.0004957
363.036,0.0718099,0.0599217,0.0518809,0.041136,0.0326231,0.0263311,0.0197644,0.0141096,0.0095283,0.0057015,0.0030809,0.0015401,0.0005108
363.649,0.0719528,0.0600575,0.0520217,0.0412595,0.0327381,0.02645,0.0198771,0.0142119,0.0096121,0.005764,0.0031221,0.0015658,0.0005259
364.262,0.0720956,0.0601934,0.0521625,0.0413829,0.0328532,0.0265689,0.0199897,0.0143142,0.0096959,0.0058266,0.0031632,0.0015915,0.000541
364.875,0.0722385,0.0603292,0.0523032,0.0415064,0.0329682,0.0266878,0.0200969,0.0144165,0.0097797,0.0058891,0.003204,0.0016172,0.0005561
365.488,0.0723814,0.0604651,0.052444,0.0416299,0.0330833,0.0268067,0.0202012,0.0145188,0.0098635,0.0059517,0.0032448,0.0016429,0.0005712
366.102,0.0725243,0.0606009,0.0525847,0.0417533,0.0331983,0.0269256,0.0203056,0.0146211,0.0099473,0.0060142,0.0032856,0.0016686,0.0005863
366.715,0.0726671,0.0607368,0.0527255,0.0418768,0.0333134,0.0270445,0.0204099,0.0147233,0.0100311,0.0060767,0.0033264,0.0016943,0.0006038
367.328,0.07281,0.0608726,0.0528662,0.0420003,0.0334285,0.0271634,0.0205143,0.0148256,0.0101149,0.0061393,0.0033672,0.00172,0.0006233
367.941,0.0729529,0.0610084,0.053007,0.0421237,0.0335435,0.0272823,0.0206186,0.0149279,0.0101988,0.0062018,0.003408,0.0017457,0.0006428
368.554,0.0730957,0.0611443,0.0531477,0.0422472,0.0336586,0.0274012,0.020723,0.0150302,0.0102826,0.0062644,0.0034487,0.001776,0.0006623
369.167,0.0732386,0.0612801,0.0532885,0.0423706,0.0337736,0.0275201,0.0208273,0.0151325,0.0103664,0.0063269,0.0034895,0.0018118,0.0006818
369.78,0.0733815,0.061416,0.0534293,0.0424941,0.0338887,0.027639,0.0209317,0.0152348,0.0104502,0.0063895,0.0035303,0.0018475,0.0007013
370.393,0.0735244,0.0615518,0.05357,0.0426176,0.0340037,0.0277579,0.021036,0.015337,0.010534,0.006452,0.0035711,0.0018833,0.0007208
371.006,0.0736672,0.0616877,0.0537108,0.042741,0.0341188,0.0278767,0.0211404,0.0154393,0.0106178,0.0065146,0.0036119,0.0019191,0.0007403
371.619,0.0738101,0.0618235,0.0538515,0.0428645,0.0342338,0.0279956,0.0212447,0.0155416,0.0107016,0.0065771,0.0036527,0.0019548,0.0007598
372.232,0.073953,0.0619594,0.0539923,0.0429879,0.0343489,0.0281145,0.0213491,0.0156439,0.0107854,0.0066397,0.0036935,0.0019906,0.0007793
372.846,0.0740959,0.0620952,0.054133,0.0431114,0.0344639,0.0282334,0.0214534,0.0157462,0.0108692,0.0067022,0.0037343,0.0020264,0.0007989
373.459,0.0742387,0.062231,0.0542738,0.0432349,0.034579,0.0283523,0.0215578,0.0158485,0.0109531,0.0067647,0.0037751,0.0020622,0.0008184
374.072,0.0743816,0.0623669,0.0544145,0.0433583,0.034694,0.0284712,0.0216621,0.0159507,0.0110369,0.0068273,0.0038158,0.0020979,0.0008379
374.685,0.0745245,0.0625027,0.0545553,0.0434818,0.0348091,0.0285901,0.0217665,0.016053,0.0111207,0.0068898,0.0038566,0.0021337,0.0008574
375.298,0.0746674,0.0626386,0.0546961,0.0436053,0.0349241,0.028709,0.0218708,0.0161553,0.0112045,0.0069524,0.0038974,0.0021695,0.0008769
375.911,0.0748102,0.0627744,0.0548368,0.0437287,0.0350392,0.0288279,0.0219752,0.0162576,0.0112883,0.0070165,0.0039382,0.0022052,0.0008964
376.524,0.0749531,0.0629103,0.0549776,0.0438522,0.0351543,0.0289468,0.0220795,0.0163599,0.0113725,0.0070811,0.003979,0.002241,0.0009159
377.137,0.075096,0.0630461,0.0551183,0.0439756,0.0352693,0.0290657,0.0221838,0.0164622,0.0114602,0.0071456,0.0040198,0.0022768,0.0009354
377.75,0.0752388,0.063182,0.0552591,0.0440991,0.0353844,0.0291846,0.0222882,0.0165598,0.0115479,0.0072102,0.0040606,0.0023126,0.0009549
378.363,0.0753817,0.0633178,0.0553998,0.0442226,0.0354994,0.0293035,0.0223925,0.0166497,0.0116356,0.0072747,0.0041014,0.0023483,0.0009744
378.976,0.0755246,0.0634536,0.0555406,0.044346,0.0356145,0.0294224,0.0224969,0.0167396,0.0117233,0.0073393,0.0041422,0.0023841,0.0009939
379.589,0.0756675,0.0635895,0.0556813,0.0444695,0.0357295,0.0295413,0.0226012,0.0168296,0.011811,0.0074038,0.0041831,0.0024199,0.0010134
380.203,0.0758103,0.0637253,0.0558221,0.044593,0.0358446,0.0296602,0.0227056,0.0169195,0.0118987,0.0074684,0.0042453,0.0024556,0.0010329
380.816,0.0759532,0.0638612,0.0559628,0.0447164,0.0359596,0.0297791,0.0228099,0.0170094,0.0119863,0.007533,0.0043075,0.0024914,0.0010524
381.429,0.0760961,0.063997,0.0561036,0.0448399,0.0360747,0.029898,0.0229143,0.0170993,0.012074,0.0075975,0.0043697,0.0025272,0.0010719
382.042,0.076239,0.0641329,0.0562444,0.0449633,0.0361897,0.0300169,0.0230186,0.0171892,0.0121617,0.0076621,0.0044318,0.002563,0.0010938
382.655,0.0763818,0.0642687,0.0563851,0.0450868,0.0363048,0.0301358,0.023123,0.0172792,0.0122494,0.0077266,0.004494,0.0025987,0.0011212
383.268,0.0765247,0.0644046,0.0565259,0.0452103,0.0364198,0.0302547,0.0232273,0.0173691,0.0123371,0.0077912,0.0045562,0.0026345,0.0011486
383.881,0.0766676,0.0645404,0.0566666,0.0453337,0.0365349,0.0303736,0.0233317,0.017459,0.0124248,0.0078557,0.0046183,0.0026703,0.0011761
384.494,0.0768104,0.0646762,0.0568074,0.0454572,0.0366499,0.0304925,0.023436,0.0175489,0.0125125,0.0079203,0.0046805,0.002706,0.0012035
385.107,0.0769533,0.0648121,0.0569481,0.0455806,0.036765,0.0306114,0.0235404,0.0176388,0.0126002,0.0079849,0.0047427,0.0027418,0.001231
385.72,0.0770962,0.0649479,0.0570889,0.0457041,0.03688,0.0307303,0.0236447,0.0177288,0.0126879,0.0080494,0.0048049,0.0027815,0.0012584
386.333,0.0772391,0.0650838,0.0572296,0.0458276,0.0369951,0.0308492,0.0237491,0.0178187,0.0127756,0.008114,0.004867,0.0028218,0.0012858
386.946,0.0773819,0.0652196,0.0573704,0.045951,0.0371102,0.0309681,0.0238534,0.0179086,0.0128633,0.0081785,0.0049292,0.002862,0.0013133
387.56,0.0775248,0.0653555,0.0575112,0.0460745,0.0372252,0.031087,0.0239577,0.0179985,0.012951,0.0082431,0.0049914,0.0029023,0.0013407
388.173,0.0776677,0.0654913,0.0576519,0.046198,0.0373403,0.0312059,0.0240621,0.0180884,0.0130387,0.0083076,0.0050535,0.0029425,0.0013681
388.786,0.0778106,0.0656272,0.0577927,0.0463214,0.0374553,0.0313248,0.0241664,0.0181784,0.0131264,0.0083722,0.0051157,0.0029827,0.0013956
389.399,0.0779534,0.065763,0.0579334,0.0464449,0.0375704,0.0314437,0.0242708,0.0182683,0.0132141,0.0084428,0.0051779,0.003023,0.001423
390.012,0.0780963,0.0658989,0.0580742,0.0465683,0.0376854,0.0315626,0.0243751,0.0183582,0.0133018,0.0085184,0.0052401,0.0030632,0.0014504
390.625,0.0782392,0.0660347,0.0582149,0.0466918,0.0378005,0.0316815,0.0244795,0.0184481,0.0133901,0.0085939,0.0053022,0.0031035,0.0014779
391.238,0.0783821,0.0661705,0.0583557,0.0468153,0.0379155,0.0318004,0.0245838,0.0185381,0.013486,0.0086695,0.0053644,0.0031437,0.0015053
391.851,0.0785249,0.0663064,0.0584964,0.0469387,0.0380306,0.0319193,0.0246882,0.018628,0.0135818,0.008745,0.0054266,0.0031839,0.0015327
392.464,0.0786678,0.0664422,0.0586372,0.0470622,0.0381456,0.0320382,0.0247925,0.0187179,0.0136777,0.0088206,0.0054887,0.0032242,0.0015602
393.077,0.0788107,0.0665781,0.058778,0.0471857,0.0382607,0.0321571,0.0248969,0.0188078,0.0137736,0.0088961,0.0055509,0.0032644,0.0015876
393.69,0.0789535,0.0667139,0.0589187,0.0473091,0.0383757,0.032276,0.0250012,0.0188977,0.0138694,0.0089717,0.0056131,0.0033047,0.001615
394.304,0.0790964,0.0668498,0.0590595,0.0474326,0.0384908,0.0323948,0.0251056,0.0189877,0.0139653,0.0090472,0.0056753,0.0033449,0.0016425
394.917,0.0792393,0.0669856,0.0592002,0.047556,0.0386058,0.0325137,0.0252099,0.0190776,0.0140612,0.0091228,0.0057364,0.0033852,0.0016699
395.53,0.0793822,0.0671215,0.059341,0.0476795,0.0387209,0.0326326,0.0253143,0.0191675,0.014157,0.0091983,0.0057965,0.0034254,0.0016973
396.143,0.079525,0.0672573,0.0594817,0.047803,0.038836,0.0327515,0.0254186,0.0192574,0.0142529,0.0092739,0.0058566,0.0034656,0.0017248
396.756,0.0796679,0.0673931,0.0596225,0.0479264,0.038951,0.0328704,0.025523,0.0193473,0.0143488,0.0093494,0.0059167,0.0035059,0.0017522
397.369,0.0798108,0.067529,0.0597632,0.0480499,0.0390661,0.0329893,0.0256273,0.0194373,0.0144446,0.009425,0.0059768,0.0035461,0.0017831
397.982,0.0799537,0.0676648,0.059904,0.0481733,0.0391811,0.0331082,0.0257316,0.0195272,0.0145405,0.0095005,0.0060369,0.0035864,0.0018149
398.595,0.0800965,0.0678007,0.0600447,0.0482968,0.0392962,0.0332271,0.025836,0.0196171,0.0146363,0.0095761,0.0060969,0.0036266,0.0018467
399.208,0.0802394,0.0679365,0.0601855,0.0484203,0.0394112,0.033346,0.0259403,0.019707,0.0147322,0.0096516,0.006157,0.0036668,0.0018784
399.821,0.0803823,0.0680724,0.0603263,0.0485437,0.0395263,0.0334649,0.0260447,0.0197969,0.0148281,0.0097272,0.0062171,0.0037071,0.0019102
400.434,0.0805252,0.0682082,0.060467,0.0486672,0.0396413,0.0335838,0.026149,0.0198869,0.0149239,0.0098032,0.0062772,0.0037507,0.001942
401.047,0.080668,0.0683441,0.0606078,0.0487907,0.0397564,0.0337027,0.0262534,0.0199768,0.0150198,0.0098818,0.0063373,0.0038001,0.0019737
401.661,0.0808109,0.0684799,0.0607485,0.0489141,0.0398714,0.0338216,0.0263577,0.0200667,0.0151157,0.0099605,0.0063974,0.0038495,0.0020055
402.274,0.0809538,0.0686157,0.0608893,0.0490376,0.0399865,0.0339405,0.0264621,0.0201566,0.0152115,0.0100391,0.0064575,0.0038988,0.0020373
402.887,0.0810966,0.0687516,0.06103,0.049161,0.0401015,0.0340594,0.0265664,0.0202465,0.0153074,0.0101178,0.0065176,0.0039482,0.0020691
403.5,0.0812395,0.0688874,0.0611708,0.0492845,0.0402166,0.0341783,0.0266708,0.0203365,0.0154032,0.0101964,0.0065776,0.0039976,0.0021008
404.113,0.0813824,0.0690233,0.0613115,0.049408,0.0403316,0.0342972,0.0267751,0.0204264,0.0154991,0.0102751,0.0066377,0.0040469,0.0021326
404.726,0.0815253,0.0691591,0.0614523,0.0495314,0.0404467,0.0344161,0.0268795,0.0205163,0.015595,0.0103537,0.0066978,0.0040963,0.0021644
405.339,0.0816681,0.069295,0.0615931,0.0496549,0.0405618,0.034535,0.0269838,0.0206062,0.0156908,0.0104324,0.0067579,0.0041457,0.0021961
405.952,0.081811,0.0694308,0.0617338,0.0497784,0.0406768,0.0346539,0.0270882,0.0206962,0.0157867,0.010511,0.006818,0.0041951,0.0022279
406.565,0.0819539,0.0695667,0.0618746,0.0499018,0.0407919,0.0347728,0.0271925,0.0207861,0.0158826,0.0105897,0.0068781,0.0042444,0.0022597
407.178,0.0820968,0.0697025,0.0620153,0.0500253,0.0409069,0.0348917,0.0272969,0.020876,0.0159784,0.0106683,0.0069382,0.0042938,0.0022915
407.791,0.0822396,0.0698383,0.0621561,0.0501487,0.041022,0.0350106,0.0274012,0.0209659,0.0160743,0.010747,0.0069982,0.0043432,0.0023232
408.404,0.0823825,0.0699742,0.0622968,0.0502722,0.041137,0.0351295,0.0275056,0.0210558,0.0161702,0.0108256,0.0070583,0.0043926,0.002355
409.018,0.0825254,0.07011,0.0624376,0.0503957,0.0412521,0.0352484,0.0276099,0.0211458,0.016266,0.0109043,0.0071184,0.0044419,0.0023868
409.631,0.0826683,0.0702459,0.0625783,0.0505191,0.0413671,0.0353673,0.0277142,0.0212357,0.0163619,0.0109829,0.0071785,0.0044913,0.0024185
410.244,0.0828111,0.0703817,0.0627191,0.0506426,0.0414822,0.0354862,0.0278186,0.0213256,0.0164577,0.0110616,0.0072386,0.0045407,0.0024503
410.857,0.082954,0.0705176,0.0628599,0.050766,0.0415972,0.0356051,0.0279229,0.0214155,0.0165536,0.0111402,0.0072987,0.00459,0.0024821
411.47,0.0830969,0.0706534,0.0630006,0.0508895,0.0417123,0.035724,0.0280273,0.0215054,0.0166495,0.0112188,0.0073588,0.0046394,0.0025139
412.083,0.0832397,0.0707893,0.0631414,0.051013,0.0418273,0.0358429,0.0281316,0.0215954,0.0167453,0.0112975,0.0074196,0.0046888,0.0025456
412.696,0.0833826,0.0709251,0.0632821,0.0511364,0.0419424,0.0359618,0.028236,0.0216853,0.0168412,0.0113761,0.0074861,0.0047382,0.0025774
413.309,0.0835255,0.0710609,0.0634229,0.0512599,0.0420574,0.0360807,0.0283403,0.0217752,0.0169371,0.0114548,0.0075526,0.0047875,0.0026092
413.922,0.0836684,0.0711968,0.0635636,0.0513834,0.0421725,0.0361996,0.0284447,0.0218651,0.0170329,0.0115334,0.007619,0.0048369,0.0026482
414.535,0.0838112,0.0713326,0.0637044,0.0515068,0.0422875,0.0363185,0.028549,0.021955,0.0171288,0.0116121,0.0076855,0.0048863,0.0026872
415.148,0.0839541,0.0714685,0.0638451,0.0516303,0.0424026,0.0364374,0.0286534,0.022045,0.0172247,0.0116907,0.007752,0.0049356,0.0027262
415.762,0.084097,0.0716043,0.0639859,0.0517537,0.0425177,0.0365563,0.0287577,0.0221349,0.0173205,0.0117694,0.0078185,0.0049851,0.0027653
416.375,0.0842399,0.0717402,0.0641266,0.0518772,0.0426327,0.0366752,0.0288621,0.0222248,0.0174164,0.011848,0.007885,0.0050347,0.0028043
416.988,0.0843827,0.071876,0.0642674,0.0520007,0.0427478,0.0367941,0.0289664,0.0223147,0.0175122,0.0119267,0.0079515,0.0050842,0.0028433
417.601,0.0845256,0.0720119,0.0644082,0.0521241,0.0428628,0.0369129,0.0290708,0.0224047,0.0176081,0.0120053,0.008018,0.0051337,0.0028824
418.214,0.0846685,0.0721477,0.0645489,0.0522476,0.0429779,0.0370318,0.0291751,0.0224946,0.017704,0.012084,0.0080844,0.0051832,0.0029214
418.827,0.0848113,0.0722835,0.0646897,0.0523711,0.0430929,0.0371507,0.0292795,0.0225845,0.0177998,0.0121626,0.0081509,0.0052328,0.0029604
419.44,0.0849542,0.0724194,0.0648304,0.0524945,0.043208,0.0372696,0.0293838,0.0226744,0.0178957,0.0122413,0.0082174,0.0052823,0.0029995
420.053,0.0850971,0.0725552,0.0649712,0.052618,0.043323,0.0373885,0.0294881,0.0227643,0.0179916,0.0123199,0.0082839,0.0053318,0.0030385
420.666,0.08524,0.0726911,0.0651119,0.0527414,0.0434381,0.0375074,0.0295925,0.0228543,0.0180874,0.0123986,0.0083504,0.0053813,0.0030775
421.279,0.0853828,0.0728269,0.0652527,0.0528649,0.0435531,0.0376263,0.0296968,0.0229442,0.0181833,0.0124772,0.0084169,0.0054309,0.0031165
421.892,0.0855257,0.0729628,0.0653934,0.0529884,0.0436682,0.0377452,0.0298012,0.0230341,0.0182791,0.0125559,0.0084834,0.0054804,0.0031556
422.505,0.0856686,0.0730986,0.0655342,0.0531118,0.0437832,0.0378641,0.0299055,0.023124,0.018375,0.0126345,0.0085499,0.0055299,0.0031946
423.119,0.0858115,0.0732345,0.065675,0.0532353,0.0438983,0.037983,0.0300099,0.0232139,0.0184709,0.0127132,0.0086163,0.0055794,0.0032336
423.732,0.0859543,0.0733703,0.0658157,0.0533587,0.0440133,0.0381019,0.0301142,0.0233039,0.0185667,0.0127918,0.0086828,0.005629,0.0032727
424.345,0.0860972,0.0735061,0.0659565,0.0534822,0.0441284,0.0382208,0.0302186,0.0233938,0.0186626,0.0128704,0.0087493,0.0056785,0.0033117
424.958,0.0862401,0.073642,0.0660972,0.0536057,0.0442435,0.0383397,0.0303229,0.0234837,0.0187585,0.0129491,0.0088158,0.005728,0.0033542
425.571,0.086383,0.0737778,0.066238,0.0537291,0.0443585,0.0384586,0.0304273,0.0235736,0.0188543,0.0130277,0.0088823,0.0057775,0.0033988
426.184,0.0865258,0.0739137,0.0663787,0.0538526,0.0444736,0.0385775,0.0305316,0.0236635,0.0189502,0.0131064,0.0089488,0.0058271,0.0034434
426.797,0.0866687,0.0740495,0.0665195,0.0539761,0.0445886,0.0386964,0.030636,0.0237535,0.0190461,0.013185,0.0090153,0.0058766,0.003488
427.41,0.0868116,0.0741854,0.0666602,0.0540995,0.0447037,0.0388153,0.0307403,0.0238434,0.0191419,0.0132637,0.0090817,0.0059261,0.0035326
428.023,0.0869544,0.0743212,0.066801,0.054223,0.0448187,0.0389342,0.0308447,0.0239333,0.0192378,0.0133423,0.0091482,0.0059756,0.0035772
428.636,0.0870973,0.0744571,0.0669418,0.0543464,0.0449338,0.0390531,0.030949,0.0240232,0.0193336,0.013421,0.0092147,0.0060251,0.0036218
429.249,0.0872402,0.0745929,0.0670825,0.0544699,0.0450488,0.039172,0.0310534,0.0241131,0.0194295,0.0134996,0.0092812,0.0060747,0.0036664
429.863,0.0873831,0.0747287,0.0672233,0.0545934,0.0451639,0.0392909,0.0311577,0.0242031,0.0195254,0.0135783,0.0093477,0.0061242,0.003711
430.476,0.0875259,0.0748646,0.067364,0.0547168,0.0452789,0.0394098,0.031262,0.024293,0.0196212,0.0136569,0.0094142,0.0061737,0.0037556
431.089,0.0876688,0.0750004,0.0675048,0.0548403,0.045394,0.0395287,0.0313664,0.0243829,0.0197171,0.0137356,0.0094807,0.0062232,0.0038002
431.702,0.0878117,0.0751363,0.0676455,0.0549638,0.045509,0.0396476,0.0314707,0.0244728,0.019813,0.0138142,0.0095472,0.0062728,0.0038448
432.315,0.0879546,0.0752721,0.0677863,0.0550872,0.0456241,0.0397665,0.0315751,0.0245628,0.0199088,0.0138929,0.0096136,0.0063223,0.0038894
432.928,0.0880974,0.075408,0.067927,0.0552107,0.0457391,0.0398854,0.0316794,0.0246527,0.0200047,0.0139715,0.0096801,0.0063718,0.003934
433.541,0.0882403,0.0755438,0.0680678,0.0553341,0.0458542,0.0400043,0.0317838,0.0247426,0.0201006,0.0140502,0.0097466,0.0064213,0.0039786
434.154,0.0883832,0.0756797,0.0682085,0.0554576,0.0459692,0.0401232,0.0318881,0.0248325,0.0201964,0.0141288,0.0098131,0.0064709,0.0040232
